u,v,a(m2=10000kg),a(m2=20000kg),a(m2=30000kg),a(m2=40000kg),a(m2=50000kg)
-60,0,-3.038463752,-1.519231876,-1.012821251,-0.759615938,-0.60769275
-60,0.2,-3.138463752,-1.569231876,-1.046154584,-0.784615938,-0.62769275
-60,0.4,-3.138284207,-1.569142104,-1.046094736,-0.784571052,-0.627656841
-60,0.6,-3.137566027,-1.568783013,-1.045855342,-0.784391507,-0.627513205
-60,0.8,-3.183328586,-1.591664293,-1.061109529,-0.795832146,-0.636665717
-60,1,-3.103654221,-1.55182711,-1.034551407,-0.775913555,-0.620730844
-60,1.2,-3.211665988,-1.605832994,-1.070555329,-0.802916497,-0.642333198
-60,1.4,-3.295420477,-1.647710238,-1.098473492,-0.823855119,-0.659084095
-60,1.6,-3.294826644,-1.647413322,-1.098275548,-0.823706661,-0.658965329
-60,1.8,-3.366541058,-1.683270529,-1.122180353,-0.841635264,-0.673308212
-60,2,-3.361188286,-1.680594143,-1.120396095,-0.840297072,-0.672237657
-60,2.2,-3.362771675,-1.681385838,-1.120923892,-0.840692919,-0.672554335
-60,2.4,-3.398960045,-1.699480023,-1.132986682,-0.849740011,-0.679792009
-60,2.6,-3.400780298,-1.700390149,-1.133593433,-0.850195074,-0.68015606
-60,2.8,-3.40260055,-1.701300275,-1.134200183,-0.850650137,-0.68052011
-60,3,-3.404420802,-1.702210401,-1.134806934,-0.8511052,-0.68088416
-60,3.2,-3.364952256,-1.682476128,-1.121650752,-0.841238064,-0.672990451
-60,3.4,-3.322596936,-1.661298468,-1.107532312,-0.830649234,-0.664519387
-60,3.6,-3.304872682,-1.652436341,-1.101624227,-0.82621817,-0.660974536
-60,3.8,-3.298075647,-1.649037824,-1.099358549,-0.824518912,-0.659615129
-60,4,-3.30043271,-1.650216355,-1.100144237,-0.825108177,-0.660086542
-60,4.2,-3.341761518,-1.670880759,-1.113920506,-0.835440379,-0.668352304
-60,4.4,-3.341434823,-1.670717411,-1.113811608,-0.835358706,-0.668286965
-60,4.6,-3.341108127,-1.670554064,-1.113702709,-0.835277032,-0.668221625
-60,4.8,-3.382089271,-1.691044636,-1.12736309,-0.845522318,-0.676417854
-60,5,-3.382335729,-1.691167864,-1.127445243,-0.845583932,-0.676467146
-60,5.2,-3.382582187,-1.691291093,-1.127527396,-0.845645547,-0.676516437
-60,5.4,-3.382828644,-1.691414322,-1.127609548,-0.845707161,-0.676565729
-60,5.6,-3.345446547,-1.672723274,-1.115148849,-0.836361637,-0.669089309
-60,5.8,-3.342307646,-1.671153823,-1.114102549,-0.835576911,-0.668461529
-60,6,-3.34930047,-1.674650235,-1.11643349,-0.837325118,-0.669860094
-60,6.2,-3.35182708,-1.67591354,-1.117275693,-0.83795677,-0.670365416
-60,6.4,-3.354353691,-1.677176845,-1.118117897,-0.838588423,-0.670870738
-60,6.6,-3.42462353,-1.712311765,-1.141541177,-0.856155882,-0.684924706
-60,6.8,-3.424956708,-1.712478354,-1.141652236,-0.856239177,-0.684991342
-60,7,-3.425289885,-1.712644943,-1.141763295,-0.856322471,-0.685057977
-60,7.2,-3.425623063,-1.712811532,-1.141874354,-0.856405766,-0.685124613
-60,7.4,-3.425956241,-1.712978121,-1.141985414,-0.85648906,-0.685191248
-60,7.6,-3.426289419,-1.71314471,-1.142096473,-0.856572355,-0.685257884
-60,7.8,-3.51399669,-1.756998345,-1.17133223,-0.878499173,-0.702799338
-60,8,-3.537284635,-1.768642318,-1.179094878,-0.884321159,-0.707456927
-60,8.2,-3.558962097,-1.779481049,-1.186320699,-0.889740524,-0.711792419
-60,8.4,-3.542478819,-1.771239409,-1.180826273,-0.885619705,-0.708495764
-60,8.6,-3.542088855,-1.771044427,-1.180696285,-0.885522214,-0.708417771
-60,8.8,-3.54169889,-1.770849445,-1.180566297,-0.885424723,-0.708339778
-60,9,-3.541308926,-1.770654463,-1.180436309,-0.885327231,-0.708261785
-60,9.2,-3.540918961,-1.770459481,-1.18030632,-0.88522974,-0.708183792
-60,9.4,-3.540528997,-1.770264498,-1.180176332,-0.885132249,-0.708105799
-60,9.6,-3.540139032,-1.770069516,-1.180046344,-0.885034758,-0.708027806
-60,9.8,-3.749453564,-1.874726782,-1.249817855,-0.937363391,-0.749890713
-60,10,-3.908227159,-1.95411358,-1.302742386,-0.97705679,-0.781645432
-60,10.2,-4.028835939,-2.01441797,-1.342945313,-1.007208985,-0.805767188
-60,10.4,-4.113819705,-2.056909853,-1.371273235,-1.028454926,-0.822763941
-60,10.6,-4.170336109,-2.085168054,-1.390112036,-1.042584027,-0.834067222
-60,10.8,-4.21809231,-2.109046155,-1.40603077,-1.054523077,-0.843618462
-60,11,-4.262885747,-2.131442874,-1.420961916,-1.065721437,-0.852577149
-60,11.2,-4.303090098,-2.151545049,-1.434363366,-1.075772525,-0.86061802
-60,11.4,-4.311766594,-2.155883297,-1.437255531,-1.077941649,-0.862353319
-60,11.6,-4.248482941,-2.12424147,-1.41616098,-1.062120735,-0.849696588
-60,11.8,-4.243337466,-2.121668733,-1.414445822,-1.060834366,-0.848667493
-60,12,-4.23819199,-2.119095995,-1.412730663,-1.059547998,-0.847638398
-60,12.2,-4.344468249,-2.172234124,-1.448156083,-1.086117062,-0.86889365
-60,12.4,-4.413339612,-2.206669806,-1.471113204,-1.103334903,-0.882667922
-60,12.6,-4.452198788,-2.226099394,-1.484066263,-1.113049697,-0.890439758
-60,12.8,-4.479582717,-2.239791358,-1.493194239,-1.119895679,-0.895916543
-60,13,-4.403233266,-2.201616633,-1.467744422,-1.100808317,-0.880646653
-60,13.2,-4.396496351,-2.198248176,-1.465498784,-1.099124088,-0.87929927
-60,13.4,-4.389759437,-2.194879718,-1.463253146,-1.097439859,-0.877951887
-60,13.6,-4.393127894,-2.196563947,-1.464375965,-1.098281974,-0.878625579
-60,13.8,-4.391443666,-2.195721833,-1.463814555,-1.097860916,-0.878288733
-60,14,-4.39228578,-2.19614289,-1.46409526,-1.098071445,-0.878457156
-60,14.2,-4.391864723,-2.195932361,-1.463954908,-1.097966181,-0.878372945
-60,14.4,-4.392075251,-2.196037626,-1.464025084,-1.098018813,-0.87841505
-60,14.6,-4.391969987,-2.195984993,-1.463989996,-1.097992497,-0.878393997
-60,14.8,-4.392022619,-2.19601131,-1.46400754,-1.098005655,-0.878404524
-60,15,-4.391996303,-2.195998152,-1.463998768,-1.097999076,-0.878399261
-60,15.2,-4.392009461,-2.196004731,-1.464003154,-1.098002365,-0.878401892
-60,15.4,-4.392002882,-2.196001441,-1.464000961,-1.098000721,-0.878400576
-60,15.6,-4.392006172,-2.196003086,-1.464002057,-1.098001543,-0.878401234
-60,15.8,-4.392004527,-2.196002263,-1.464001509,-1.098001132,-0.878400905
-60,16,-4.392005349,-2.196002675,-1.464001783,-1.098001337,-0.87840107
-60,16.2,-4.392004938,-2.196002469,-1.464001646,-1.098001234,-0.878400988
-60,16.4,-4.392005144,-2.196002572,-1.464001715,-1.098001286,-0.878401029
-60,16.6,-4.392005041,-2.19600252,-1.46400168,-1.09800126,-0.878401008
-60,16.8,-4.392005092,-2.196002546,-1.464001697,-1.098001273,-0.878401018
-60,17,-4.392005066,-2.196002533,-1.464001689,-1.098001267,-0.878401013
-60,17.2,-4.392005079,-2.19600254,-1.464001693,-1.09800127,-0.878401016
-60,17.4,-4.392005073,-2.196002536,-1.464001691,-1.098001268,-0.878401015
-60,17.6,-4.392005076,-2.196002538,-1.464001692,-1.098001269,-0.878401015
-60,17.8,-4.392005075,-2.196002537,-1.464001692,-1.098001269,-0.878401015
-60,18,-4.392005075,-2.196002538,-1.464001692,-1.098001269,-0.878401015
-60,18.2,-4.392005075,-2.196002537,-1.464001692,-1.098001269,-0.878401015
-60,18.4,-4.392005075,-2.196002538,-1.464001692,-1.098001269,-0.878401015
-60,18.6,-4.467199183,-2.233599592,-1.489066394,-1.116799796,-0.893439837
-60,18.8,-4.460830457,-2.230415228,-1.486943486,-1.115207614,-0.892166091
-60,19,-4.46401482,-2.23200741,-1.48800494,-1.116003705,-0.892802964
-60,19.2,-4.462422638,-2.231211319,-1.487474213,-1.11560566,-0.892484528
-60,19.4,-4.463218729,-2.231609365,-1.487739576,-1.115804682,-0.892643746
-60,19.6,-4.462820684,-2.231410342,-1.487606895,-1.115705171,-0.892564137
-60,19.8,-4.463019706,-2.231509853,-1.487673235,-1.115754927,-0.892603941
-60,20,-4.462920195,-2.231460098,-1.487640065,-1.115730049,-0.892584039
-60,20.2,-4.462969951,-2.231484975,-1.48765665,-1.115742488,-0.89259399
-60,20.4,-4.462945073,-2.231472536,-1.487648358,-1.115736268,-0.892589015
-60,20.6,-4.462957512,-2.231478756,-1.487652504,-1.115739378,-0.892591502
-60,20.8,-4.462951292,-2.231475646,-1.487650431,-1.115737823,-0.892590258
-60,21,-4.462954402,-2.231477201,-1.487651467,-1.115738601,-0.89259088
-60,21.2,-4.462952847,-2.231476424,-1.487650949,-1.115738212,-0.892590569
-60,21.4,-4.462953625,-2.231476812,-1.487651208,-1.115738406,-0.892590725
-60,21.6,-4.462953236,-2.231476618,-1.487651079,-1.115738309,-0.892590647
-60,21.8,-4.412682328,-2.206341164,-1.470894109,-1.103170582,-0.882536466
-60,22,-4.408555223,-2.204277612,-1.469518408,-1.102138806,-0.881711045
-60,22.2,-4.404428119,-2.202214059,-1.468142706,-1.10110703,-0.880885624
-60,22.4,-4.400301014,-2.200150507,-1.466767005,-1.100075253,-0.880060203
-60,22.6,-4.350584282,-2.175292141,-1.450194761,-1.08764607,-0.870116856
-60,22.8,-4.350615759,-2.175307879,-1.450205253,-1.08765394,-0.870123152
-60,23,-4.350647236,-2.175323618,-1.450215745,-1.087661809,-0.870129447
-60,23.2,-4.350678713,-2.175339357,-1.450226238,-1.087669678,-0.870135743
-60,23.4,-4.350662974,-2.175331487,-1.450220991,-1.087665744,-0.870132595
-60,23.6,-4.350670844,-2.175335422,-1.450223615,-1.087667711,-0.870134169
-60,23.8,-4.350666909,-2.175333455,-1.450222303,-1.087666727,-0.870133382
-60,24,-4.350668876,-2.175334438,-1.450222959,-1.087667219,-0.870133775
-60,24.2,-4.350667893,-2.175333946,-1.450222631,-1.087666973,-0.870133579
-60,24.4,-4.350668385,-2.175334192,-1.450222795,-1.087667096,-0.870133677
-60,24.6,-4.350668139,-2.175334069,-1.450222713,-1.087667035,-0.870133628
-60,24.8,-4.350668262,-2.175334131,-1.450222754,-1.087667065,-0.870133652
-60,25,-4.350668139,-2.175334069,-1.450222713,-1.087667035,-0.870133628
-60,25.2,-4.350668139,-2.175334069,-1.450222713,-1.087667035,-0.870133628
-60,25.4,-4.350668139,-2.175334069,-1.450222713,-1.087667035,-0.870133628
-60,25.6,-4.350668139,-2.175334069,-1.450222713,-1.087667035,-0.870133628
-60,25.8,-4.350668139,-2.175334069,-1.450222713,-1.087667035,-0.870133628
-60,26,-4.350668139,-2.175334069,-1.450222713,-1.087667035,-0.870133628
-60,26.2,-4.350668139,-2.175334069,-1.450222713,-1.087667035,-0.870133628
-60,26.4,-4.350668139,-2.175334069,-1.450222713,-1.087667035,-0.870133628
-60,26.6,-4.350668139,-2.175334069,-1.450222713,-1.087667035,-0.870133628
-60,26.8,-4.350668139,-2.175334069,-1.450222713,-1.087667035,-0.870133628
-60,27,-4.350668139,-2.175334069,-1.450222713,-1.087667035,-0.870133628
-60,27.2,-4.350668139,-2.175334069,-1.450222713,-1.087667035,-0.870133628
-60,27.4,-4.350668139,-2.175334069,-1.450222713,-1.087667035,-0.870133628
-60,27.6,-4.350668139,-2.175334069,-1.450222713,-1.087667035,-0.870133628
-60,27.8,-4.350668139,-2.175334069,-1.450222713,-1.087667035,-0.870133628
-60,28,-4.350668139,-2.175334069,-1.450222713,-1.087667035,-0.870133628
-60,28.2,-4.350668139,-2.175334069,-1.450222713,-1.087667035,-0.870133628
-60,28.4,-4.350668139,-2.175334069,-1.450222713,-1.087667035,-0.870133628
-60,28.6,-4.350668139,-2.175334069,-1.450222713,-1.087667035,-0.870133628
-60,28.8,-4.350668139,-2.175334069,-1.450222713,-1.087667035,-0.870133628
-60,29,-4.350668139,-2.175334069,-1.450222713,-1.087667035,-0.870133628
-60,29.2,-4.350668139,-2.175334069,-1.450222713,-1.087667035,-0.870133628
-60,29.4,-4.350668139,-2.175334069,-1.450222713,-1.087667035,-0.870133628
-60,29.6,-4.350668139,-2.175334069,-1.450222713,-1.087667035,-0.870133628
-60,29.8,-4.350668139,-2.175334069,-1.450222713,-1.087667035,-0.870133628
-60,30,-4.350668139,-2.175334069,-1.450222713,-1.087667035,-0.870133628
-50,0,-2.658867342,-1.329433671,-0.886289114,-0.664716835,-0.531773468
-50,0.2,-2.658867342,-1.329433671,-0.886289114,-0.664716835,-0.531773468
-50,0.4,-2.6589557,-1.32947785,-0.886318567,-0.664738925,-0.53179114
-50,0.6,-2.658397347,-1.329198674,-0.886132449,-0.664599337,-0.531679469
-50,0.8,-2.668473319,-1.334236659,-0.889491106,-0.66711833,-0.533694664
-50,1,-2.732481834,-1.366240917,-0.910827278,-0.683120458,-0.546496367
-50,1.2,-2.773518607,-1.386759304,-0.924506202,-0.693379652,-0.554703721
-50,1.4,-2.891508561,-1.445754281,-0.963836187,-0.72287714,-0.578301712
-50,1.6,-2.847513102,-1.423756551,-0.949171034,-0.711878276,-0.56950262
-50,1.8,-2.963380583,-1.481690292,-0.987793528,-0.740845146,-0.592676117
-50,2,-2.95883111,-1.479415555,-0.986277037,-0.739707778,-0.591766222
-50,2.2,-2.958008323,-1.479004162,-0.986002774,-0.739502081,-0.591601665
-50,2.4,-2.937868092,-1.468934046,-0.979289364,-0.734467023,-0.587573618
-50,2.6,-2.936950746,-1.468475373,-0.978983582,-0.734237686,-0.587390149
-50,2.8,-2.936033399,-1.468016699,-0.9786778,-0.73400835,-0.58720668
-50,3,-2.935116052,-1.467558026,-0.978372017,-0.733779013,-0.58702321
-50,3.2,-2.934198705,-1.467099353,-0.978066235,-0.733549676,-0.586839741
-50,3.4,-2.947203456,-1.473601728,-0.982401152,-0.736800864,-0.589440691
-50,3.6,-2.819788298,-1.409894149,-0.939929433,-0.704947074,-0.56395766
-50,3.8,-2.765858549,-1.382929274,-0.92195285,-0.691464637,-0.55317171
-50,4,-2.754629904,-1.377314952,-0.918209968,-0.688657476,-0.550925981
-50,4.2,-2.846552873,-1.423276436,-0.948850958,-0.711638218,-0.569310575
-50,4.4,-2.920582559,-1.460291279,-0.97352752,-0.73014564,-0.584116512
-50,4.6,-2.968848424,-1.484424212,-0.989616141,-0.742212106,-0.593769685
-50,4.8,-2.996959751,-1.498479876,-0.998986584,-0.749239938,-0.59939195
-50,5,-3.017375291,-1.508687645,-1.005791764,-0.754343823,-0.603475058
-50,5.2,-3.012039925,-1.506019962,-1.004013308,-0.753009981,-0.602407985
-50,5.4,-3.007674755,-1.503837378,-1.002558252,-0.751918689,-0.601534951
-50,5.6,-3.003309585,-1.501654793,-1.001103195,-0.750827396,-0.600661917
-50,5.8,-2.974065075,-1.487032538,-0.991355025,-0.743516269,-0.594813015
-50,6,-3.000643513,-1.500321756,-1.000214504,-0.750160878,-0.600128703
-50,6.2,-3.008940716,-1.504470358,-1.002980239,-0.752235179,-0.601788143
-50,6.4,-3.079675237,-1.539837619,-1.026558412,-0.769918809,-0.615935047
-50,6.6,-3.125614024,-1.562807012,-1.041871341,-0.781403506,-0.625122805
-50,6.8,-3.151657708,-1.575828854,-1.050552569,-0.787914427,-0.630331542
-50,7,-3.170094441,-1.585047221,-1.056698147,-0.79252361,-0.634018888
-50,7.2,-3.079119853,-1.539559927,-1.026373284,-0.769779963,-0.615823971
-50,7.4,-3.011463795,-1.505731897,-1.003821265,-0.752865949,-0.602292759
-50,7.6,-2.967149272,-1.483574636,-0.989049757,-0.741787318,-0.593429854
-50,7.8,-2.941407977,-1.470703989,-0.980469326,-0.735351994,-0.588281595
-50,8,-2.922945039,-1.46147252,-0.974315013,-0.73073626,-0.584589008
-50,8.2,-2.936290006,-1.468145003,-0.978763335,-0.734072502,-0.587258001
-50,8.4,-2.937175047,-1.468587524,-0.979058349,-0.734293762,-0.587435009
-50,8.6,-2.938060088,-1.469030044,-0.979353363,-0.734515022,-0.587612018
-50,8.8,-2.938945129,-1.469472564,-0.979648376,-0.734736282,-0.587789026
-50,9,-2.93983017,-1.469915085,-0.97994339,-0.734957542,-0.587966034
-50,9.2,-2.982605847,-1.491302924,-0.994201949,-0.745651462,-0.596521169
-50,9.4,-2.979810409,-1.489905204,-0.993270136,-0.744952602,-0.595962082
-50,9.6,-2.927785036,-1.463892518,-0.975928345,-0.731946259,-0.585557007
-50,9.8,-2.911013316,-1.455506658,-0.970337772,-0.727753329,-0.582202663
-50,10,-2.905486659,-1.452743329,-0.968495553,-0.726371665,-0.581097332
-50,10.2,-2.907122751,-1.453561376,-0.969040917,-0.726780688,-0.58142455
-50,10.4,-2.908758844,-1.454379422,-0.969586281,-0.727189711,-0.581751769
-50,10.6,-2.910394937,-1.455197469,-0.970131646,-0.727598734,-0.582078987
-50,10.8,-2.91203103,-1.456015515,-0.97067701,-0.728007758,-0.582406206
-50,11,-2.913667123,-1.456833562,-0.971222374,-0.728416781,-0.582733425
-50,11.2,-2.854060632,-1.427030316,-0.951353544,-0.713515158,-0.570812126
-50,11.4,-2.836751713,-1.418375856,-0.945583904,-0.709187928,-0.567350343
-50,11.6,-2.824569373,-1.412284686,-0.941523124,-0.706142343,-0.564913875
-50,11.8,-2.825001723,-1.412500862,-0.941667241,-0.706250431,-0.565000345
-50,12,-2.825434073,-1.412717037,-0.941811358,-0.706358518,-0.565086815
-50,12.2,-2.825866424,-1.412933212,-0.941955475,-0.706466606,-0.565173285
-50,12.4,-2.826298774,-1.413149387,-0.942099591,-0.706574694,-0.565259755
-50,12.6,-2.874498575,-1.437249287,-0.958166192,-0.718624644,-0.574899715
-50,12.8,-2.871345413,-1.435672706,-0.957115138,-0.717836353,-0.574269083
-50,13,-2.872921994,-1.436460997,-0.957640665,-0.718230498,-0.574584399
-50,13.2,-2.872133703,-1.436066852,-0.957377901,-0.718033426,-0.574426741
-50,13.4,-2.872527848,-1.436263924,-0.957509283,-0.718131962,-0.57450557
-50,13.6,-2.872330776,-1.436165388,-0.957443592,-0.718082694,-0.574466155
-50,13.8,-2.872429312,-1.436214656,-0.957476437,-0.718107328,-0.574485862
-50,14,-2.872380044,-1.436190022,-0.957460015,-0.718095011,-0.574476009
-50,14.2,-2.90858708,-1.45429354,-0.969529027,-0.72714677,-0.581717416
-50,14.4,-2.926562944,-1.463281472,-0.975520981,-0.731640736,-0.585312589
-50,14.6,-2.926479758,-1.463239879,-0.975493253,-0.731619939,-0.585295952
-50,14.8,-2.885260454,-1.442630227,-0.961753485,-0.721315114,-0.577052091
-50,15,-2.882726566,-1.441363283,-0.960908855,-0.720681642,-0.576545313
-50,15.2,-2.847583494,-1.423791747,-0.949194498,-0.711895873,-0.569516699
-50,15.4,-2.847201797,-1.423600898,-0.949067266,-0.711800449,-0.569440359
-50,15.6,-2.846820099,-1.42341005,-0.948940033,-0.711705025,-0.56936402
-50,15.8,-2.846438402,-1.423219201,-0.948812801,-0.711609601,-0.56928768
-50,16,-2.846056705,-1.423028352,-0.948685568,-0.711514176,-0.569211341
-50,16.2,-2.846247553,-1.423123777,-0.948749184,-0.711561888,-0.569249511
-50,16.4,-2.846152129,-1.423076065,-0.948717376,-0.711538032,-0.569230426
-50,16.6,-2.846199841,-1.423099921,-0.94873328,-0.71154996,-0.569239968
-50,16.8,-2.846175985,-1.423087993,-0.948725328,-0.711543996,-0.569235197
-50,17,-2.846187913,-1.423093957,-0.948729304,-0.711546978,-0.569237583
-50,17.2,-2.846181949,-1.423090975,-0.948727316,-0.711545487,-0.56923639
-50,17.4,-2.846184931,-1.423092466,-0.94872831,-0.711546233,-0.569236986
-50,17.6,-2.84618344,-1.42309172,-0.948727813,-0.71154586,-0.569236688
-50,17.8,-2.846184186,-1.423092093,-0.948728062,-0.711546046,-0.569236837
-50,18,-2.779006229,-1.389503114,-0.92633541,-0.694751557,-0.555801246
-50,18.2,-2.78053479,-1.390267395,-0.92684493,-0.695133698,-0.556106958
-50,18.4,-2.77977051,-1.389885255,-0.92659017,-0.694942627,-0.555954102
-50,18.6,-2.78015265,-1.390076325,-0.92671755,-0.695038162,-0.55603053
-50,18.8,-2.77996158,-1.38998079,-0.92665386,-0.694990395,-0.555992316
-50,19,-2.780057115,-1.390028557,-0.926685705,-0.695014279,-0.556011423
-50,19.2,-2.780009347,-1.390004674,-0.926669782,-0.695002337,-0.556001869
-50,19.4,-2.780033231,-1.390016616,-0.926677744,-0.695008308,-0.556006646
-50,19.6,-2.780021289,-1.390010645,-0.926673763,-0.695005322,-0.556004258
-50,19.8,-2.78002726,-1.39001363,-0.926675753,-0.695006815,-0.556005452
-50,20,-2.780024275,-1.390012137,-0.926674758,-0.695006069,-0.556004855
-50,20.2,-2.780025767,-1.390012884,-0.926675256,-0.695006442,-0.556005153
-50,20.4,-2.780025021,-1.390012511,-0.926675007,-0.695006255,-0.556005004
-50,20.6,-2.780025394,-1.390012697,-0.926675131,-0.695006349,-0.556005079
-50,20.8,-2.780025208,-1.390012604,-0.926675069,-0.695006302,-0.556005042
-50,21,-2.780025301,-1.39001265,-0.9266751,-0.695006325,-0.55600506
-50,21.2,-2.780025254,-1.390012627,-0.926675085,-0.695006314,-0.556005051
-50,21.4,-2.780025278,-1.390012639,-0.926675093,-0.695006319,-0.556005056
-50,21.6,-2.780025266,-1.390012633,-0.926675089,-0.695006316,-0.556005053
-50,21.8,-2.780025272,-1.390012636,-0.926675091,-0.695006318,-0.556005054
-50,22,-2.780025269,-1.390012634,-0.92667509,-0.695006317,-0.556005054
-50,22.2,-2.78002527,-1.390012635,-0.92667509,-0.695006318,-0.556005054
-50,22.4,-2.78002527,-1.390012635,-0.92667509,-0.695006317,-0.556005054
-50,22.6,-2.78002527,-1.390012635,-0.92667509,-0.695006317,-0.556005054
-50,22.8,-2.78002527,-1.390012635,-0.92667509,-0.695006317,-0.556005054
-50,23,-2.78002527,-1.390012635,-0.92667509,-0.695006317,-0.556005054
-50,23.2,-2.78002527,-1.390012635,-0.92667509,-0.695006317,-0.556005054
-50,23.4,-2.78002527,-1.390012635,-0.92667509,-0.695006317,-0.556005054
-50,23.6,-2.78002527,-1.390012635,-0.92667509,-0.695006317,-0.556005054
-50,23.8,-2.78002527,-1.390012635,-0.92667509,-0.695006317,-0.556005054
-50,24,-2.78002527,-1.390012635,-0.92667509,-0.695006317,-0.556005054
-50,24.2,-2.78002527,-1.390012635,-0.92667509,-0.695006317,-0.556005054
-50,24.4,-2.78002527,-1.390012635,-0.92667509,-0.695006317,-0.556005054
-50,24.6,-2.78002527,-1.390012635,-0.92667509,-0.695006317,-0.556005054
-50,24.8,-2.78002527,-1.390012635,-0.92667509,-0.695006317,-0.556005054
-50,25,-2.78002527,-1.390012635,-0.92667509,-0.695006317,-0.556005054
-50,25.2,-2.78002527,-1.390012635,-0.92667509,-0.695006317,-0.556005054
-50,25.4,-2.78002527,-1.390012635,-0.92667509,-0.695006317,-0.556005054
-50,25.6,-2.78002527,-1.390012635,-0.92667509,-0.695006317,-0.556005054
-50,25.8,-2.78002527,-1.390012635,-0.92667509,-0.695006317,-0.556005054
-50,26,-2.78002527,-1.390012635,-0.92667509,-0.695006317,-0.556005054
-50,26.2,-2.78002527,-1.390012635,-0.92667509,-0.695006317,-0.556005054
-50,26.4,-2.78002527,-1.390012635,-0.92667509,-0.695006317,-0.556005054
-50,26.6,-2.78002527,-1.390012635,-0.92667509,-0.695006317,-0.556005054
-50,26.8,-2.78002527,-1.390012635,-0.92667509,-0.695006317,-0.556005054
-50,27,-2.78002527,-1.390012635,-0.92667509,-0.695006317,-0.556005054
-50,27.2,-2.78002527,-1.390012635,-0.92667509,-0.695006317,-0.556005054
-50,27.4,-2.78002527,-1.390012635,-0.92667509,-0.695006317,-0.556005054
-50,27.6,-2.78002527,-1.390012635,-0.92667509,-0.695006317,-0.556005054
-50,27.8,-2.78002527,-1.390012635,-0.92667509,-0.695006317,-0.556005054
-50,28,-2.78002527,-1.390012635,-0.92667509,-0.695006317,-0.556005054
-50,28.2,-2.78002527,-1.390012635,-0.92667509,-0.695006317,-0.556005054
-50,28.4,-2.78002527,-1.390012635,-0.92667509,-0.695006317,-0.556005054
-50,28.6,-2.78002527,-1.390012635,-0.92667509,-0.695006317,-0.556005054
-50,28.8,-2.78002527,-1.390012635,-0.92667509,-0.695006317,-0.556005054
-50,29,-2.78002527,-1.390012635,-0.92667509,-0.695006317,-0.556005054
-50,29.2,-2.78002527,-1.390012635,-0.92667509,-0.695006317,-0.556005054
-50,29.4,-2.78002527,-1.390012635,-0.92667509,-0.695006317,-0.556005054
-50,29.6,-2.78002527,-1.390012635,-0.92667509,-0.695006317,-0.556005054
-50,29.8,-2.78002527,-1.390012635,-0.92667509,-0.695006317,-0.556005054
-50,30,-2.78002527,-1.390012635,-0.92667509,-0.695006317,-0.556005054
-40,0,-2.023526735,-1.011763368,-0.674508912,-0.505881684,-0.404705347
-40,0.2,-2.035267354,-1.017633677,-0.678422451,-0.508816838,-0.407053471
-40,0.4,-2.023486134,-1.011743067,-0.674495378,-0.505871534,-0.404697227
-40,0.6,-2.096767729,-1.048383864,-0.698922576,-0.524191932,-0.419353546
-40,0.8,-2.038337307,-1.019168653,-0.679445769,-0.509584327,-0.407667461
-40,1,-2.068483059,-1.034241529,-0.689494353,-0.517120765,-0.413696612
-40,1.2,-2.083758653,-1.041879327,-0.694586218,-0.520939663,-0.416751731
-40,1.4,-2.090427497,-1.045213748,-0.696809166,-0.522606874,-0.418085499
-40,1.6,-2.093088767,-1.046544384,-0.697696256,-0.523272192,-0.418617753
-40,1.8,-2.094462831,-1.047231415,-0.698154277,-0.523615708,-0.418892566
-40,2,-2.094549687,-1.047274843,-0.698183229,-0.523637422,-0.418909937
-40,2.2,-2.094012887,-1.047006444,-0.698004296,-0.523503222,-0.418802577
-40,2.4,-2.085980652,-1.042990326,-0.695326884,-0.521495163,-0.41719613
-40,2.6,-2.173715358,-1.086857679,-0.724571786,-0.543428839,-0.434743072
-40,2.8,-2.221290747,-1.110645374,-0.740430249,-0.555322687,-0.444258149
-40,3,-2.242594078,-1.121297039,-0.747531359,-0.560648519,-0.448518816
-40,3.2,-2.251272955,-1.125636478,-0.750424318,-0.562818239,-0.450254591
-40,3.4,-2.24732738,-1.12366369,-0.749109127,-0.561831845,-0.449465476
-40,3.6,-2.260982573,-1.130491286,-0.753660858,-0.565245643,-0.452196515
-40,3.8,-2.209655928,-1.104827964,-0.736551976,-0.552413982,-0.441931186
-40,4,-2.187547032,-1.093773516,-0.729182344,-0.546886758,-0.437509406
-40,4.2,-2.167094074,-1.083547037,-0.722364691,-0.541773518,-0.433418815
-40,4.4,-2.168168292,-1.084084146,-0.722722764,-0.542042073,-0.433633658
-40,4.6,-2.16924251,-1.084621255,-0.723080837,-0.542310627,-0.433848502
-40,4.8,-2.170316728,-1.085158364,-0.723438909,-0.542579182,-0.434063346
-40,5,-2.2271024,-1.1135512,-0.742367467,-0.5567756,-0.44542048
-40,5.2,-2.217158129,-1.108579064,-0.73905271,-0.554289532,-0.443431626
-40,5.4,-2.215336121,-1.107668061,-0.738445374,-0.55383403,-0.443067224
-40,5.6,-2.213514113,-1.106757057,-0.737838038,-0.553378528,-0.442702823
-40,5.8,-2.211692105,-1.105846053,-0.737230702,-0.552923026,-0.442338421
-40,6,-2.209870097,-1.104935049,-0.736623366,-0.552467524,-0.441974019
-40,6.2,-2.155186279,-1.07759314,-0.718395426,-0.53879657,-0.431037256
-40,6.4,-2.126022561,-1.063011281,-0.708674187,-0.53150564,-0.425204512
-40,6.6,-2.097008631,-1.048504316,-0.699002877,-0.524252158,-0.419401726
-40,6.8,-2.093014899,-1.046507449,-0.697671633,-0.523253725,-0.41860298
-40,7,-2.059032344,-1.029516172,-0.686344115,-0.514758086,-0.411806469
-40,7.2,-1.969396166,-0.984698083,-0.656465389,-0.492349041,-0.393879233
-40,7.4,-1.913195981,-0.95659799,-0.637731994,-0.478298995,-0.382639196
-40,7.6,-1.8815668,-0.9407834,-0.627188933,-0.4703917,-0.37631336
-40,7.8,-1.858348321,-0.929174161,-0.61944944,-0.46458708,-0.371669664
-40,8,-1.847681703,-0.923840851,-0.615893901,-0.461920426,-0.369536341
-40,8.2,-1.847354446,-0.923677223,-0.615784815,-0.461838611,-0.369470889
-40,8.4,-1.901529899,-0.950764949,-0.6338433,-0.475382475,-0.38030598
-40,8.6,-1.919579768,-0.959789884,-0.639859923,-0.479894942,-0.383915954
-40,8.8,-1.93675066,-0.96837533,-0.645583553,-0.484187665,-0.387350132
-40,9,-1.936149643,-0.968074822,-0.645383214,-0.484037411,-0.387229929
-40,9.2,-1.908040596,-0.954020298,-0.636013532,-0.477010149,-0.381608119
-40,9.4,-1.990611359,-0.995305679,-0.66353712,-0.49765284,-0.398122272
-40,9.6,-1.92058264,-0.96029132,-0.640194213,-0.48014566,-0.384116528
-40,9.8,-1.971345632,-0.985672816,-0.657115211,-0.492836408,-0.394269126
-40,10,-1.976807158,-0.988403579,-0.658935719,-0.49420179,-0.395361432
-40,10.2,-2.019356728,-1.009678364,-0.673118909,-0.504839182,-0.403871346
-40,10.4,-1.988825204,-0.994412602,-0.662941735,-0.497206301,-0.397765041
-40,10.6,-1.986834008,-0.993417004,-0.662278003,-0.496708502,-0.397366802
-40,10.8,-1.940369476,-0.970184738,-0.646789825,-0.485092369,-0.388073895
-40,11,-1.984766018,-0.992383009,-0.661588673,-0.496191504,-0.396953204
-40,11.2,-1.999975816,-0.999987908,-0.666658605,-0.499993954,-0.399995163
-40,11.4,-1.992370917,-0.996185459,-0.664123639,-0.498092729,-0.398474183
-40,11.6,-1.996173367,-0.998086683,-0.665391122,-0.499043342,-0.399234673
-40,11.8,-1.994272142,-0.997136071,-0.664757381,-0.498568035,-0.398854428
-40,12,-1.995222754,-0.997611377,-0.665074251,-0.498805689,-0.399044551
-40,12.2,-1.994747448,-0.997373724,-0.664915816,-0.498686862,-0.39894949
-40,12.4,-1.994985101,-0.997492551,-0.664995034,-0.498746275,-0.39899702
-40,12.6,-1.994866275,-0.997433137,-0.664955425,-0.498716569,-0.398973255
-40,12.8,-1.994925688,-0.997462844,-0.664975229,-0.498731422,-0.398985138
-40,13,-1.994895981,-0.997447991,-0.664965327,-0.498723995,-0.398979196
-40,13.2,-1.994910835,-0.997455417,-0.664970278,-0.498727709,-0.398982167
-40,13.4,-1.994903408,-0.997451704,-0.664967803,-0.498725852,-0.398980682
-40,13.6,-1.994907121,-0.997453561,-0.66496904,-0.49872678,-0.398981424
-40,13.8,-1.994905265,-0.997452632,-0.664968422,-0.498726316,-0.398981053
-40,14,-1.994906193,-0.997453096,-0.664968731,-0.498726548,-0.398981239
-40,14.2,-1.994905729,-0.997452864,-0.664968576,-0.498726432,-0.398981146
-40,14.4,-1.994905961,-0.99745298,-0.664968654,-0.49872649,-0.398981192
-40,14.6,-1.994905845,-0.997452922,-0.664968615,-0.498726461,-0.398981169
-40,14.8,-1.994905903,-0.997452951,-0.664968634,-0.498726476,-0.398981181
-40,15,-1.994905874,-0.997452937,-0.664968625,-0.498726468,-0.398981175
-40,15.2,-2.020696346,-1.010348173,-0.673565449,-0.505174087,-0.404139269
-40,15.4,-2.00780111,-1.003900555,-0.669267037,-0.501950277,-0.401560222
-40,15.6,-2.014248728,-1.007124364,-0.671416243,-0.503562182,-0.402849746
-40,15.8,-2.011024919,-1.005512459,-0.67034164,-0.50275623,-0.402204984
-40,16,-2.012636823,-1.006318412,-0.670878941,-0.503159206,-0.402527365
-40,16.2,-2.011830871,-1.005915436,-0.67061029,-0.502957718,-0.402366174
-40,16.4,-2.012233847,-1.006116924,-0.670744616,-0.503058462,-0.402446769
-40,16.6,-2.012032359,-1.00601618,-0.670677453,-0.50300809,-0.402406472
-40,16.8,-1.963221507,-0.981610753,-0.654407169,-0.490805377,-0.392644301
-40,17,-1.987626933,-0.993813467,-0.662542311,-0.496906733,-0.397525387
-40,17.2,-1.97542422,-0.98771211,-0.65847474,-0.493856055,-0.395084844
-40,17.4,-1.981525576,-0.990762788,-0.660508525,-0.495381394,-0.396305115
-40,17.6,-1.978474898,-0.989237449,-0.659491633,-0.494618725,-0.39569498
-40,17.8,-1.980000237,-0.990000119,-0.660000079,-0.495000059,-0.396000047
-40,18,-1.979237568,-0.989618784,-0.659745856,-0.494809392,-0.395847514
-40,18.2,-1.979618903,-0.989809451,-0.659872968,-0.494904726,-0.395923781
-40,18.4,-1.977506772,-0.988753386,-0.659168924,-0.494376693,-0.395501354
-40,18.6,-1.976799167,-0.988399584,-0.658933056,-0.494199792,-0.395359833
-40,18.8,-1.976091562,-0.988045781,-0.658697187,-0.494022891,-0.395218312
-40,19,-1.976445365,-0.988222682,-0.658815122,-0.494111341,-0.395289073
-40,19.2,-1.976268464,-0.988134232,-0.658756155,-0.494067116,-0.395253693
-40,19.4,-1.976356914,-0.988178457,-0.658785638,-0.494089229,-0.395271383
-40,19.6,-1.976312689,-0.988156344,-0.658770896,-0.494078172,-0.395262538
-40,19.8,-1.976334802,-0.988167401,-0.658778267,-0.4940837,-0.39526696
-40,20,-1.976312689,-0.988156344,-0.658770896,-0.494078172,-0.395262538
-40,20.2,-1.976312689,-0.988156344,-0.658770896,-0.494078172,-0.395262538
-40,20.4,-1.976312689,-0.988156344,-0.658770896,-0.494078172,-0.395262538
-40,20.6,-1.976312689,-0.988156344,-0.658770896,-0.494078172,-0.395262538
-40,20.8,-1.976312689,-0.988156344,-0.658770896,-0.494078172,-0.395262538
-40,21,-1.976312689,-0.988156344,-0.658770896,-0.494078172,-0.395262538
-40,21.2,-1.976312689,-0.988156344,-0.658770896,-0.494078172,-0.395262538
-40,21.4,-1.976312689,-0.988156344,-0.658770896,-0.494078172,-0.395262538
-40,21.6,-1.976312689,-0.988156344,-0.658770896,-0.494078172,-0.395262538
-40,21.8,-1.976312689,-0.988156344,-0.658770896,-0.494078172,-0.395262538
-40,22,-1.976312689,-0.988156344,-0.658770896,-0.494078172,-0.395262538
-40,22.2,-1.976312689,-0.988156344,-0.658770896,-0.494078172,-0.395262538
-40,22.4,-1.976312689,-0.988156344,-0.658770896,-0.494078172,-0.395262538
-40,22.6,-1.976312689,-0.988156344,-0.658770896,-0.494078172,-0.395262538
-40,22.8,-1.976312689,-0.988156344,-0.658770896,-0.494078172,-0.395262538
-40,23,-1.976312689,-0.988156344,-0.658770896,-0.494078172,-0.395262538
-40,23.2,-1.976312689,-0.988156344,-0.658770896,-0.494078172,-0.395262538
-40,23.4,-1.976312689,-0.988156344,-0.658770896,-0.494078172,-0.395262538
-40,23.6,-1.976312689,-0.988156344,-0.658770896,-0.494078172,-0.395262538
-40,23.8,-1.976312689,-0.988156344,-0.658770896,-0.494078172,-0.395262538
-40,24,-1.976312689,-0.988156344,-0.658770896,-0.494078172,-0.395262538
-40,24.2,-1.976312689,-0.988156344,-0.658770896,-0.494078172,-0.395262538
-40,24.4,-1.976312689,-0.988156344,-0.658770896,-0.494078172,-0.395262538
-40,24.6,-1.976312689,-0.988156344,-0.658770896,-0.494078172,-0.395262538
-40,24.8,-1.976312689,-0.988156344,-0.658770896,-0.494078172,-0.395262538
-40,25,-1.976312689,-0.988156344,-0.658770896,-0.494078172,-0.395262538
-40,25.2,-1.976312689,-0.988156344,-0.658770896,-0.494078172,-0.395262538
-40,25.4,-1.976312689,-0.988156344,-0.658770896,-0.494078172,-0.395262538
-40,25.6,-1.976312689,-0.988156344,-0.658770896,-0.494078172,-0.395262538
-40,25.8,-1.976312689,-0.988156344,-0.658770896,-0.494078172,-0.395262538
-40,26,-1.976312689,-0.988156344,-0.658770896,-0.494078172,-0.395262538
-40,26.2,-1.976312689,-0.988156344,-0.658770896,-0.494078172,-0.395262538
-40,26.4,-1.976312689,-0.988156344,-0.658770896,-0.494078172,-0.395262538
-40,26.6,-1.976312689,-0.988156344,-0.658770896,-0.494078172,-0.395262538
-40,26.8,-1.976312689,-0.988156344,-0.658770896,-0.494078172,-0.395262538
-40,27,-1.976312689,-0.988156344,-0.658770896,-0.494078172,-0.395262538
-40,27.2,-1.976312689,-0.988156344,-0.658770896,-0.494078172,-0.395262538
-40,27.4,-1.976312689,-0.988156344,-0.658770896,-0.494078172,-0.395262538
-40,27.6,-1.976312689,-0.988156344,-0.658770896,-0.494078172,-0.395262538
-40,27.8,-1.976312689,-0.988156344,-0.658770896,-0.494078172,-0.395262538
-40,28,-1.976312689,-0.988156344,-0.658770896,-0.494078172,-0.395262538
-40,28.2,-1.976312689,-0.988156344,-0.658770896,-0.494078172,-0.395262538
-40,28.4,-1.976312689,-0.988156344,-0.658770896,-0.494078172,-0.395262538
-40,28.6,-1.976312689,-0.988156344,-0.658770896,-0.494078172,-0.395262538
-40,28.8,-1.976312689,-0.988156344,-0.658770896,-0.494078172,-0.395262538
-40,29,-1.976312689,-0.988156344,-0.658770896,-0.494078172,-0.395262538
-40,29.2,-1.976312689,-0.988156344,-0.658770896,-0.494078172,-0.395262538
-40,29.4,-1.976312689,-0.988156344,-0.658770896,-0.494078172,-0.395262538
-40,29.6,-1.976312689,-0.988156344,-0.658770896,-0.494078172,-0.395262538
-40,29.8,-1.976312689,-0.988156344,-0.658770896,-0.494078172,-0.395262538
-40,30,-1.976312689,-0.988156344,-0.658770896,-0.494078172,-0.395262538
-35,0,-1.354323083,-0.677161541,-0.451441028,-0.338580771,-0.270864617
-35,0.2,-1.354323083,-0.677161541,-0.451441028,-0.338580771,-0.270864617
-35,0.4,-1.353929341,-0.67696467,-0.45130978,-0.338482335,-0.270785868
-35,0.6,-1.318299054,-0.659149527,-0.439433018,-0.329574764,-0.263659811
-35,0.8,-1.381605394,-0.690802697,-0.460535131,-0.345401349,-0.276321079
-35,1,-1.384780261,-0.692390131,-0.46159342,-0.346195065,-0.276956052
-35,1.2,-1.305045313,-0.652522657,-0.435015104,-0.326261328,-0.261009063
-35,1.4,-1.370107175,-0.685053588,-0.456702392,-0.342526794,-0.274021435
-35,1.6,-1.381618654,-0.690809327,-0.460539551,-0.345404664,-0.276323731
-35,1.8,-1.44541623,-0.722708115,-0.48180541,-0.361354057,-0.289083246
-35,2,-1.446807879,-0.723403939,-0.482269293,-0.36170197,-0.289361576
-35,2.2,-1.483171431,-0.741585716,-0.494390477,-0.370792858,-0.296634286
-35,2.4,-1.489715192,-0.744857596,-0.496571731,-0.372428798,-0.297943038
-35,2.6,-1.528844749,-0.764422374,-0.509614916,-0.382211187,-0.30576895
-35,2.8,-1.521761551,-0.760880775,-0.50725385,-0.380440388,-0.30435231
-35,3,-1.516603915,-0.758301958,-0.505534638,-0.379150979,-0.303320783
-35,3.2,-1.500995813,-0.750497907,-0.500331938,-0.375248953,-0.300199163
-35,3.4,-1.480517508,-0.740258754,-0.493505836,-0.370129377,-0.296103502
-35,3.6,-1.476548703,-0.738274352,-0.492182901,-0.369137176,-0.295309741
-35,3.8,-1.473323289,-0.736661644,-0.491107763,-0.368330822,-0.294664658
-35,4,-1.515690215,-0.757845107,-0.505230072,-0.378922554,-0.303138043
-35,4.2,-1.582352794,-0.791176397,-0.527450931,-0.395588198,-0.316470559
-35,4.4,-1.625581252,-0.812790626,-0.541860417,-0.406395313,-0.32511625
-35,4.6,-1.65133419,-0.825667095,-0.55044473,-0.412833547,-0.330266838
-35,4.8,-1.670970794,-0.835485397,-0.556990265,-0.417742699,-0.334194159
-35,5,-1.671544635,-0.835772318,-0.557181545,-0.417886159,-0.334308927
-35,5.2,-1.653657315,-0.826828658,-0.551219105,-0.413414329,-0.330731463
-35,5.4,-1.678366802,-0.839183401,-0.559455601,-0.419591701,-0.33567336
-35,5.6,-1.679094764,-0.839547382,-0.559698255,-0.419773691,-0.335818953
-35,5.8,-1.679822726,-0.839911363,-0.559940909,-0.419955682,-0.335964545
-35,6,-1.680550688,-0.840275344,-0.560183563,-0.420137672,-0.336110138
-35,6.2,-1.68127865,-0.840639325,-0.560426217,-0.420319662,-0.33625573
-35,6.4,-1.731731837,-0.865865918,-0.577243946,-0.432932959,-0.346346367
-35,6.6,-1.740446398,-0.870223199,-0.580148799,-0.435111599,-0.34808928
-35,6.8,-1.74853457,-0.874267285,-0.582844857,-0.437133643,-0.349706914
-35,7,-1.748479693,-0.874239847,-0.582826564,-0.437119923,-0.349695939
-35,7.2,-1.646700884,-0.823350442,-0.548900295,-0.411675221,-0.329340177
-35,7.4,-1.615009426,-0.807504713,-0.538336475,-0.403752356,-0.323001885
-35,7.6,-1.612984928,-0.806492464,-0.537661643,-0.403246232,-0.322596986
-35,7.8,-1.574873453,-0.787436727,-0.524957818,-0.393718363,-0.314974691
-35,8,-1.645117663,-0.822558831,-0.548372554,-0.411279416,-0.329023533
-35,8.2,-1.609995558,-0.804997779,-0.536665186,-0.402498889,-0.321999112
-35,8.4,-1.606473314,-0.803236657,-0.535491105,-0.401618328,-0.321294663
-35,8.6,-1.596091804,-0.798045902,-0.532030601,-0.399022951,-0.319218361
-35,8.8,-1.601282559,-0.80064128,-0.533760853,-0.40032064,-0.320256512
-35,9,-1.598687182,-0.799343591,-0.532895727,-0.399671795,-0.319737436
-35,9.2,-1.59998487,-0.799992435,-0.53332829,-0.399996218,-0.319996974
-35,9.4,-1.619561286,-0.809780643,-0.539853762,-0.404890322,-0.323912257
-35,9.6,-1.620292537,-0.810146268,-0.540097512,-0.405073134,-0.324058507
-35,9.8,-1.620513885,-0.810256942,-0.540171295,-0.405128471,-0.324102777
-35,10,-1.620735233,-0.810367616,-0.540245078,-0.405183808,-0.324147047
-35,10.2,-1.620956581,-0.81047829,-0.54031886,-0.405239145,-0.324191316
-35,10.4,-1.621177929,-0.810588964,-0.540392643,-0.405294482,-0.324235586
-35,10.6,-1.621067255,-0.810533627,-0.540355752,-0.405266814,-0.324213451
-35,10.8,-1.621122592,-0.810561296,-0.540374197,-0.405280648,-0.324224518
-35,11,-1.621094923,-0.810547462,-0.540364974,-0.405273731,-0.324218985
-35,11.2,-1.621108758,-0.810554379,-0.540369586,-0.405277189,-0.324221752
-35,11.4,-1.62110184,-0.81055092,-0.54036728,-0.40527546,-0.324220368
-35,11.6,-1.621105299,-0.810552649,-0.540368433,-0.405276325,-0.32422106
-35,11.8,-1.62110357,-0.810551785,-0.540367857,-0.405275892,-0.324220714
-35,12,-1.621104434,-0.810552217,-0.540368145,-0.405276109,-0.324220887
-35,12.2,-1.621104002,-0.810552001,-0.540368001,-0.405276001,-0.3242208
-35,12.4,-1.621104218,-0.810552109,-0.540368073,-0.405276055,-0.324220844
-35,12.6,-1.62110411,-0.810552055,-0.540368037,-0.405276028,-0.324220822
-35,12.8,-1.621104164,-0.810552082,-0.540368055,-0.405276041,-0.324220833
-35,13,-1.621104137,-0.810552069,-0.540368046,-0.405276034,-0.324220827
-35,13.2,-1.621104151,-0.810552075,-0.54036805,-0.405276038,-0.32422083
-35,13.4,-1.621104144,-0.810552072,-0.540368048,-0.405276036,-0.324220829
-35,13.6,-1.621104147,-0.810552074,-0.540368049,-0.405276037,-0.324220829
-35,13.8,-1.621104146,-0.810552073,-0.540368049,-0.405276036,-0.324220829
-35,14,-1.621104146,-0.810552073,-0.540368049,-0.405276037,-0.324220829
-35,14.2,-1.621104146,-0.810552073,-0.540368049,-0.405276036,-0.324220829
-35,14.4,-1.621104146,-0.810552073,-0.540368049,-0.405276037,-0.324220829
-35,14.6,-1.621104146,-0.810552073,-0.540368049,-0.405276037,-0.324220829
-35,14.8,-1.621104146,-0.810552073,-0.540368049,-0.405276037,-0.324220829
-35,15,-1.621104146,-0.810552073,-0.540368049,-0.405276037,-0.324220829
-35,15.2,-1.621104146,-0.810552073,-0.540368049,-0.405276037,-0.324220829
-35,15.4,-1.621104146,-0.810552073,-0.540368049,-0.405276037,-0.324220829
-35,15.6,-1.621104146,-0.810552073,-0.540368049,-0.405276037,-0.324220829
-35,15.8,-1.621104146,-0.810552073,-0.540368049,-0.405276037,-0.324220829
-35,16,-1.621104146,-0.810552073,-0.540368049,-0.405276037,-0.324220829
-35,16.2,-1.621104146,-0.810552073,-0.540368049,-0.405276037,-0.324220829
-35,16.4,-1.621104146,-0.810552073,-0.540368049,-0.405276037,-0.324220829
-35,16.6,-1.621104146,-0.810552073,-0.540368049,-0.405276037,-0.324220829
-35,16.8,-1.621104146,-0.810552073,-0.540368049,-0.405276037,-0.324220829
-35,17,-1.621104146,-0.810552073,-0.540368049,-0.405276037,-0.324220829
-35,17.2,-1.621104146,-0.810552073,-0.540368049,-0.405276037,-0.324220829
-35,17.4,-1.621104146,-0.810552073,-0.540368049,-0.405276037,-0.324220829
-35,17.6,-1.621104146,-0.810552073,-0.540368049,-0.405276037,-0.324220829
-35,17.8,-1.621104146,-0.810552073,-0.540368049,-0.405276037,-0.324220829
-35,18,-1.621104146,-0.810552073,-0.540368049,-0.405276037,-0.324220829
-35,18.2,-1.621104146,-0.810552073,-0.540368049,-0.405276037,-0.324220829
-35,18.4,-1.621104146,-0.810552073,-0.540368049,-0.405276037,-0.324220829
-35,18.6,-1.621104146,-0.810552073,-0.540368049,-0.405276037,-0.324220829
-35,18.8,-1.621104146,-0.810552073,-0.540368049,-0.405276037,-0.324220829
-35,19,-1.621104146,-0.810552073,-0.540368049,-0.405276037,-0.324220829
-35,19.2,-1.621104146,-0.810552073,-0.540368049,-0.405276037,-0.324220829
-35,19.4,-1.621104146,-0.810552073,-0.540368049,-0.405276037,-0.324220829
-35,19.6,-1.621104146,-0.810552073,-0.540368049,-0.405276037,-0.324220829
-35,19.8,-1.621104146,-0.810552073,-0.540368049,-0.405276037,-0.324220829
-35,20,-1.621104146,-0.810552073,-0.540368049,-0.405276037,-0.324220829
-35,20.2,-1.621104146,-0.810552073,-0.540368049,-0.405276037,-0.324220829
-35,20.4,-1.621104146,-0.810552073,-0.540368049,-0.405276037,-0.324220829
-35,20.6,-1.621104146,-0.810552073,-0.540368049,-0.405276037,-0.324220829
-35,20.8,-1.621104146,-0.810552073,-0.540368049,-0.405276037,-0.324220829
-35,21,-1.621104146,-0.810552073,-0.540368049,-0.405276037,-0.324220829
-35,21.2,-1.621104146,-0.810552073,-0.540368049,-0.405276037,-0.324220829
-35,21.4,-1.621104146,-0.810552073,-0.540368049,-0.405276037,-0.324220829
-35,21.6,-1.621104146,-0.810552073,-0.540368049,-0.405276037,-0.324220829
-35,21.8,-1.621104146,-0.810552073,-0.540368049,-0.405276037,-0.324220829
-35,22,-1.621104146,-0.810552073,-0.540368049,-0.405276037,-0.324220829
-35,22.2,-1.621104146,-0.810552073,-0.540368049,-0.405276037,-0.324220829
-35,22.4,-1.621104146,-0.810552073,-0.540368049,-0.405276037,-0.324220829
-35,22.6,-1.621104146,-0.810552073,-0.540368049,-0.405276037,-0.324220829
-35,22.8,-1.621104146,-0.810552073,-0.540368049,-0.405276037,-0.324220829
-35,23,-1.621104146,-0.810552073,-0.540368049,-0.405276037,-0.324220829
-35,23.2,-1.621104146,-0.810552073,-0.540368049,-0.405276037,-0.324220829
-35,23.4,-1.621104146,-0.810552073,-0.540368049,-0.405276037,-0.324220829
-35,23.6,-1.621104146,-0.810552073,-0.540368049,-0.405276037,-0.324220829
-35,23.8,-1.621104146,-0.810552073,-0.540368049,-0.405276037,-0.324220829
-35,24,-1.621104146,-0.810552073,-0.540368049,-0.405276037,-0.324220829
-35,24.2,-1.621104146,-0.810552073,-0.540368049,-0.405276037,-0.324220829
-35,24.4,-1.621104146,-0.810552073,-0.540368049,-0.405276037,-0.324220829
-35,24.6,-1.621104146,-0.810552073,-0.540368049,-0.405276037,-0.324220829
-35,24.8,-1.621104146,-0.810552073,-0.540368049,-0.405276037,-0.324220829
-35,25,-1.621104146,-0.810552073,-0.540368049,-0.405276037,-0.324220829
-35,25.2,-1.621104146,-0.810552073,-0.540368049,-0.405276037,-0.324220829
-35,25.4,-1.621104146,-0.810552073,-0.540368049,-0.405276037,-0.324220829
-35,25.6,-1.621104146,-0.810552073,-0.540368049,-0.405276037,-0.324220829
-35,25.8,-1.621104146,-0.810552073,-0.540368049,-0.405276037,-0.324220829
-35,26,-1.621104146,-0.810552073,-0.540368049,-0.405276037,-0.324220829
-35,26.2,-1.621104146,-0.810552073,-0.540368049,-0.405276037,-0.324220829
-35,26.4,-1.621104146,-0.810552073,-0.540368049,-0.405276037,-0.324220829
-35,26.6,-1.621104146,-0.810552073,-0.540368049,-0.405276037,-0.324220829
-35,26.8,-1.621104146,-0.810552073,-0.540368049,-0.405276037,-0.324220829
-35,27,-1.621104146,-0.810552073,-0.540368049,-0.405276037,-0.324220829
-35,27.2,-1.621104146,-0.810552073,-0.540368049,-0.405276037,-0.324220829
-35,27.4,-1.621104146,-0.810552073,-0.540368049,-0.405276037,-0.324220829
-35,27.6,-1.621104146,-0.810552073,-0.540368049,-0.405276037,-0.324220829
-35,27.8,-1.621104146,-0.810552073,-0.540368049,-0.405276037,-0.324220829
-35,28,-1.621104146,-0.810552073,-0.540368049,-0.405276037,-0.324220829
-35,28.2,-1.621104146,-0.810552073,-0.540368049,-0.405276037,-0.324220829
-35,28.4,-1.621104146,-0.810552073,-0.540368049,-0.405276037,-0.324220829
-35,28.6,-1.621104146,-0.810552073,-0.540368049,-0.405276037,-0.324220829
-35,28.8,-1.621104146,-0.810552073,-0.540368049,-0.405276037,-0.324220829
-35,29,-1.621104146,-0.810552073,-0.540368049,-0.405276037,-0.324220829
-35,29.2,-1.621104146,-0.810552073,-0.540368049,-0.405276037,-0.324220829
-35,29.4,-1.621104146,-0.810552073,-0.540368049,-0.405276037,-0.324220829
-35,29.6,-1.621104146,-0.810552073,-0.540368049,-0.405276037,-0.324220829
-35,29.8,-1.621104146,-0.810552073,-0.540368049,-0.405276037,-0.324220829
-35,30,-1.621104146,-0.810552073,-0.540368049,-0.405276037,-0.324220829
-30,0,-0.919178252,-0.459589126,-0.306392751,-0.229794563,-0.18383565
-30,0.2,-0.919178252,-0.459589126,-0.306392751,-0.229794563,-0.18383565
-30,0.4,-1.004300458,-0.502150229,-0.334766819,-0.251075114,-0.200860092
-30,0.6,-1.084426329,-0.542213165,-0.361475443,-0.271106582,-0.216885266
-30,0.8,-1.129885637,-0.564942818,-0.376628546,-0.282471409,-0.225977127
-30,1,-1.154095357,-0.577047679,-0.384698452,-0.288523839,-0.230819071
-30,1.2,-1.173071724,-0.586535862,-0.391023908,-0.293267931,-0.234614345
-30,1.4,-1.198191507,-0.599095754,-0.399397169,-0.299547877,-0.239638301
-30,1.6,-1.20042632,-0.60021316,-0.400142107,-0.30010658,-0.240085264
-30,1.8,-1.169108191,-0.584554096,-0.38970273,-0.292277048,-0.233821638
-30,2,-1.189822304,-0.594911152,-0.396607435,-0.297455576,-0.237964461
-30,2.2,-1.220433927,-0.610216963,-0.406811309,-0.305108482,-0.244086785
-30,2.4,-1.244669253,-0.622334627,-0.414889751,-0.311167313,-0.248933851
-30,2.6,-1.263042262,-0.631521131,-0.421014087,-0.315760566,-0.252608452
-30,2.8,-1.263747833,-0.631873916,-0.421249278,-0.315936958,-0.252749567
-30,3,-1.286535232,-0.643267616,-0.428845077,-0.321633808,-0.257307046
-30,3.2,-1.279321205,-0.639660603,-0.426440402,-0.319830301,-0.255864241
-30,3.4,-1.242296213,-0.621148107,-0.414098738,-0.310574053,-0.248459243
-30,3.6,-1.22170793,-0.610853965,-0.407235977,-0.305426982,-0.244341586
-30,3.8,-1.205101627,-0.602550813,-0.401700542,-0.301275407,-0.241020325
-30,4,-1.21166818,-0.60583409,-0.403889393,-0.302917045,-0.242333636
-30,4.2,-1.208384903,-0.604192452,-0.402794968,-0.302096226,-0.241676981
-30,4.4,-1.209360045,-0.604680022,-0.403120015,-0.302340011,-0.241872009
-30,4.6,-1.206913915,-0.603456958,-0.402304638,-0.301728479,-0.241382783
-30,4.8,-1.20813698,-0.60406849,-0.402712327,-0.302034245,-0.241627396
-30,5,-1.207525448,-0.603762724,-0.402508483,-0.301881362,-0.24150509
-30,5.2,-1.207831214,-0.603915607,-0.402610405,-0.301957803,-0.241566243
-30,5.4,-1.207678331,-0.603839165,-0.402559444,-0.301919583,-0.241535666
-30,5.6,-1.207754772,-0.603877386,-0.402584924,-0.301938693,-0.241550954
-30,5.8,-1.191501492,-0.595750746,-0.397167164,-0.297875373,-0.238300298
-30,6,-1.180082286,-0.590041143,-0.393360762,-0.295020571,-0.236016457
-30,6.2,-1.179915887,-0.589957943,-0.393305296,-0.294978972,-0.235983177
-30,6.4,-1.179999086,-0.589999543,-0.393333029,-0.294999772,-0.235999817
-30,6.6,-1.179957486,-0.589978743,-0.393319162,-0.294989372,-0.235991497
-30,6.8,-1.179978286,-0.589989143,-0.393326095,-0.294994572,-0.235995657
-30,7,-1.179957486,-0.589978743,-0.393319162,-0.294989372,-0.235991497
-30,7.2,-1.179957486,-0.589978743,-0.393319162,-0.294989372,-0.235991497
-30,7.4,-1.179957486,-0.589978743,-0.393319162,-0.294989372,-0.235991497
-30,7.6,-1.179957486,-0.589978743,-0.393319162,-0.294989372,-0.235991497
-30,7.8,-1.179957486,-0.589978743,-0.393319162,-0.294989372,-0.235991497
-30,8,-1.179957486,-0.589978743,-0.393319162,-0.294989372,-0.235991497
-30,8.2,-1.179957486,-0.589978743,-0.393319162,-0.294989372,-0.235991497
-30,8.4,-1.179957486,-0.589978743,-0.393319162,-0.294989372,-0.235991497
-30,8.6,-1.179957486,-0.589978743,-0.393319162,-0.294989372,-0.235991497
-30,8.8,-1.179957486,-0.589978743,-0.393319162,-0.294989372,-0.235991497
-30,9,-1.179957486,-0.589978743,-0.393319162,-0.294989372,-0.235991497
-30,9.2,-1.179957486,-0.589978743,-0.393319162,-0.294989372,-0.235991497
-30,9.4,-1.179957486,-0.589978743,-0.393319162,-0.294989372,-0.235991497
-30,9.6,-1.179957486,-0.589978743,-0.393319162,-0.294989372,-0.235991497
-30,9.8,-1.179957486,-0.589978743,-0.393319162,-0.294989372,-0.235991497
-30,10,-1.179957486,-0.589978743,-0.393319162,-0.294989372,-0.235991497
-30,10.2,-1.179957486,-0.589978743,-0.393319162,-0.294989372,-0.235991497
-30,10.4,-1.179957486,-0.589978743,-0.393319162,-0.294989372,-0.235991497
-30,10.6,-1.179957486,-0.589978743,-0.393319162,-0.294989372,-0.235991497
-30,10.8,-1.179957486,-0.589978743,-0.393319162,-0.294989372,-0.235991497
-30,11,-1.179957486,-0.589978743,-0.393319162,-0.294989372,-0.235991497
-30,11.2,-1.179957486,-0.589978743,-0.393319162,-0.294989372,-0.235991497
-30,11.4,-1.179957486,-0.589978743,-0.393319162,-0.294989372,-0.235991497
-30,11.6,-1.179957486,-0.589978743,-0.393319162,-0.294989372,-0.235991497
-30,11.8,-1.179957486,-0.589978743,-0.393319162,-0.294989372,-0.235991497
-30,12,-1.179957486,-0.589978743,-0.393319162,-0.294989372,-0.235991497
-30,12.2,-1.179957486,-0.589978743,-0.393319162,-0.294989372,-0.235991497
-30,12.4,-1.179957486,-0.589978743,-0.393319162,-0.294989372,-0.235991497
-30,12.6,-1.179957486,-0.589978743,-0.393319162,-0.294989372,-0.235991497
-30,12.8,-1.179957486,-0.589978743,-0.393319162,-0.294989372,-0.235991497
-30,13,-1.179957486,-0.589978743,-0.393319162,-0.294989372,-0.235991497
-30,13.2,-1.179957486,-0.589978743,-0.393319162,-0.294989372,-0.235991497
-30,13.4,-1.179957486,-0.589978743,-0.393319162,-0.294989372,-0.235991497
-30,13.6,-1.179957486,-0.589978743,-0.393319162,-0.294989372,-0.235991497
-30,13.8,-1.179957486,-0.589978743,-0.393319162,-0.294989372,-0.235991497
-30,14,-1.179957486,-0.589978743,-0.393319162,-0.294989372,-0.235991497
-30,14.2,-1.179957486,-0.589978743,-0.393319162,-0.294989372,-0.235991497
-30,14.4,-1.179957486,-0.589978743,-0.393319162,-0.294989372,-0.235991497
-30,14.6,-1.179957486,-0.589978743,-0.393319162,-0.294989372,-0.235991497
-30,14.8,-1.179957486,-0.589978743,-0.393319162,-0.294989372,-0.235991497
-30,15,-1.179957486,-0.589978743,-0.393319162,-0.294989372,-0.235991497
-30,15.2,-1.179957486,-0.589978743,-0.393319162,-0.294989372,-0.235991497
-30,15.4,-1.179957486,-0.589978743,-0.393319162,-0.294989372,-0.235991497
-30,15.6,-1.179957486,-0.589978743,-0.393319162,-0.294989372,-0.235991497
-30,15.8,-1.179957486,-0.589978743,-0.393319162,-0.294989372,-0.235991497
-30,16,-1.179957486,-0.589978743,-0.393319162,-0.294989372,-0.235991497
-30,16.2,-1.179957486,-0.589978743,-0.393319162,-0.294989372,-0.235991497
-30,16.4,-1.179957486,-0.589978743,-0.393319162,-0.294989372,-0.235991497
-30,16.6,-1.179957486,-0.589978743,-0.393319162,-0.294989372,-0.235991497
-30,16.8,-1.179957486,-0.589978743,-0.393319162,-0.294989372,-0.235991497
-30,17,-1.179957486,-0.589978743,-0.393319162,-0.294989372,-0.235991497
-30,17.2,-1.179957486,-0.589978743,-0.393319162,-0.294989372,-0.235991497
-30,17.4,-1.179957486,-0.589978743,-0.393319162,-0.294989372,-0.235991497
-30,17.6,-1.179957486,-0.589978743,-0.393319162,-0.294989372,-0.235991497
-30,17.8,-1.179957486,-0.589978743,-0.393319162,-0.294989372,-0.235991497
-30,18,-1.179957486,-0.589978743,-0.393319162,-0.294989372,-0.235991497
-30,18.2,-1.179957486,-0.589978743,-0.393319162,-0.294989372,-0.235991497
-30,18.4,-1.179957486,-0.589978743,-0.393319162,-0.294989372,-0.235991497
-30,18.6,-1.179957486,-0.589978743,-0.393319162,-0.294989372,-0.235991497
-30,18.8,-1.179957486,-0.589978743,-0.393319162,-0.294989372,-0.235991497
-30,19,-1.179957486,-0.589978743,-0.393319162,-0.294989372,-0.235991497
-30,19.2,-1.179957486,-0.589978743,-0.393319162,-0.294989372,-0.235991497
-30,19.4,-1.179957486,-0.589978743,-0.393319162,-0.294989372,-0.235991497
-30,19.6,-1.179957486,-0.589978743,-0.393319162,-0.294989372,-0.235991497
-30,19.8,-1.179957486,-0.589978743,-0.393319162,-0.294989372,-0.235991497
-30,20,-1.179957486,-0.589978743,-0.393319162,-0.294989372,-0.235991497
-30,20.2,-1.179957486,-0.589978743,-0.393319162,-0.294989372,-0.235991497
-30,20.4,-1.179957486,-0.589978743,-0.393319162,-0.294989372,-0.235991497
-30,20.6,-1.179957486,-0.589978743,-0.393319162,-0.294989372,-0.235991497
-30,20.8,-1.179957486,-0.589978743,-0.393319162,-0.294989372,-0.235991497
-30,21,-1.179957486,-0.589978743,-0.393319162,-0.294989372,-0.235991497
-30,21.2,-1.179957486,-0.589978743,-0.393319162,-0.294989372,-0.235991497
-30,21.4,-1.179957486,-0.589978743,-0.393319162,-0.294989372,-0.235991497
-30,21.6,-1.179957486,-0.589978743,-0.393319162,-0.294989372,-0.235991497
-30,21.8,-1.179957486,-0.589978743,-0.393319162,-0.294989372,-0.235991497
-30,22,-1.179957486,-0.589978743,-0.393319162,-0.294989372,-0.235991497
-30,22.2,-1.179957486,-0.589978743,-0.393319162,-0.294989372,-0.235991497
-30,22.4,-1.179957486,-0.589978743,-0.393319162,-0.294989372,-0.235991497
-30,22.6,-1.179957486,-0.589978743,-0.393319162,-0.294989372,-0.235991497
-30,22.8,-1.179957486,-0.589978743,-0.393319162,-0.294989372,-0.235991497
-30,23,-1.179957486,-0.589978743,-0.393319162,-0.294989372,-0.235991497
-30,23.2,-1.179957486,-0.589978743,-0.393319162,-0.294989372,-0.235991497
-30,23.4,-1.179957486,-0.589978743,-0.393319162,-0.294989372,-0.235991497
-30,23.6,-1.179957486,-0.589978743,-0.393319162,-0.294989372,-0.235991497
-30,23.8,-1.179957486,-0.589978743,-0.393319162,-0.294989372,-0.235991497
-30,24,-1.179957486,-0.589978743,-0.393319162,-0.294989372,-0.235991497
-30,24.2,-1.179957486,-0.589978743,-0.393319162,-0.294989372,-0.235991497
-30,24.4,-1.179957486,-0.589978743,-0.393319162,-0.294989372,-0.235991497
-30,24.6,-1.179957486,-0.589978743,-0.393319162,-0.294989372,-0.235991497
-30,24.8,-1.179957486,-0.589978743,-0.393319162,-0.294989372,-0.235991497
-30,25,-1.179957486,-0.589978743,-0.393319162,-0.294989372,-0.235991497
-30,25.2,-1.179957486,-0.589978743,-0.393319162,-0.294989372,-0.235991497
-30,25.4,-1.179957486,-0.589978743,-0.393319162,-0.294989372,-0.235991497
-30,25.6,-1.179957486,-0.589978743,-0.393319162,-0.294989372,-0.235991497
-30,25.8,-1.179957486,-0.589978743,-0.393319162,-0.294989372,-0.235991497
-30,26,-1.179957486,-0.589978743,-0.393319162,-0.294989372,-0.235991497
-30,26.2,-1.179957486,-0.589978743,-0.393319162,-0.294989372,-0.235991497
-30,26.4,-1.179957486,-0.589978743,-0.393319162,-0.294989372,-0.235991497
-30,26.6,-1.179957486,-0.589978743,-0.393319162,-0.294989372,-0.235991497
-30,26.8,-1.179957486,-0.589978743,-0.393319162,-0.294989372,-0.235991497
-30,27,-1.179957486,-0.589978743,-0.393319162,-0.294989372,-0.235991497
-30,27.2,-1.179957486,-0.589978743,-0.393319162,-0.294989372,-0.235991497
-30,27.4,-1.179957486,-0.589978743,-0.393319162,-0.294989372,-0.235991497
-30,27.6,-1.179957486,-0.589978743,-0.393319162,-0.294989372,-0.235991497
-30,27.8,-1.179957486,-0.589978743,-0.393319162,-0.294989372,-0.235991497
-30,28,-1.179957486,-0.589978743,-0.393319162,-0.294989372,-0.235991497
-30,28.2,-1.179957486,-0.589978743,-0.393319162,-0.294989372,-0.235991497
-30,28.4,-1.179957486,-0.589978743,-0.393319162,-0.294989372,-0.235991497
-30,28.6,-1.179957486,-0.589978743,-0.393319162,-0.294989372,-0.235991497
-30,28.8,-1.179957486,-0.589978743,-0.393319162,-0.294989372,-0.235991497
-30,29,-1.179957486,-0.589978743,-0.393319162,-0.294989372,-0.235991497
-30,29.2,-1.179957486,-0.589978743,-0.393319162,-0.294989372,-0.235991497
-30,29.4,-1.179957486,-0.589978743,-0.393319162,-0.294989372,-0.235991497
-30,29.6,-1.179957486,-0.589978743,-0.393319162,-0.294989372,-0.235991497
-30,29.8,-1.179957486,-0.589978743,-0.393319162,-0.294989372,-0.235991497
-30,30,-1.179957486,-0.589978743,-0.393319162,-0.294989372,-0.235991497
40,0,0.749786753,0.374893377,0.249928918,0.187446688,0.149957351
40,0.2,0.749786753,0.374893377,0.249928918,0.187446688,0.149957351
40,0.4,0.749786753,0.374893377,0.249928918,0.187446688,0.149957351
40,0.6,0.749786753,0.374893377,0.249928918,0.187446688,0.149957351
40,0.8,0.749786753,0.374893377,0.249928918,0.187446688,0.149957351
40,1,0.749786753,0.374893377,0.249928918,0.187446688,0.149957351
40,1.2,0.749786753,0.374893377,0.249928918,0.187446688,0.149957351
40,1.4,0.504714791,0.252357396,0.168238264,0.126178698,0.100942958
40,1.6,0.374646769,0.187323385,0.124882256,0.093661692,0.074929354
40,1.8,0.277475266,0.138737633,0.092491755,0.069368816,0.055495053
40,2,0.174617441,0.087308721,0.058205814,0.04365436,0.034923488
50,0,0.755841589,0.377920794,0.251947196,0.188960397,0.151168318
50,0.2,0.755841589,0.377920794,0.251947196,0.188960397,0.151168318
50,0.4,0.755841589,0.377920794,0.251947196,0.188960397,0.151168318
50,0.6,0.755841589,0.377920794,0.251947196,0.188960397,0.151168318
50,0.8,0.755841589,0.377920794,0.251947196,0.188960397,0.151168318
50,1,0.755841589,0.377920794,0.251947196,0.188960397,0.151168318
50,1.2,0.755841589,0.377920794,0.251947196,0.188960397,0.151168318
50,1.4,0.755841589,0.377920794,0.251947196,0.188960397,0.151168318
50,1.6,0.755841589,0.377920794,0.251947196,0.188960397,0.151168318
50,1.8,0.755841589,0.377920794,0.251947196,0.188960397,0.151168318
50,2,0.755841589,0.377920794,0.251947196,0.188960397,0.151168318
50,2.2,0.755841589,0.377920794,0.251947196,0.188960397,0.151168318
50,2.4,0.755841589,0.377920794,0.251947196,0.188960397,0.151168318
50,2.6,0.755841589,0.377920794,0.251947196,0.188960397,0.151168318
50,2.8,0.755841589,0.377920794,0.251947196,0.188960397,0.151168318
50,3,0.755841589,0.377920794,0.251947196,0.188960397,0.151168318
50,3.2,0.755841589,0.377920794,0.251947196,0.188960397,0.151168318
50,3.4,0.732716529,0.366358265,0.244238843,0.183179132,0.146543306
50,3.6,0.707404533,0.353702267,0.235801511,0.176851133,0.141480907
50,3.8,0.681311349,0.340655674,0.227103783,0.170327837,0.13626227
50,4,0.658105404,0.329052702,0.219368468,0.164526351,0.131621081
50,4.2,0.624295197,0.312147599,0.208098399,0.156073799,0.124859039
60,0,1.009052558,0.504526279,0.336350853,0.25226314,0.201810512
60,0.2,1.000525584,0.500262792,0.333508528,0.250131396,0.200105117
60,0.4,1.000525584,0.500262792,0.333508528,0.250131396,0.200105117
60,0.6,1.000525584,0.500262792,0.333508528,0.250131396,0.200105117
60,0.8,1.000525584,0.500262792,0.333508528,0.250131396,0.200105117
60,1,1.000525584,0.500262792,0.333508528,0.250131396,0.200105117
60,1.2,1.000525584,0.500262792,0.333508528,0.250131396,0.200105117
60,1.4,1.000525584,0.500262792,0.333508528,0.250131396,0.200105117
60,1.6,1.000525584,0.500262792,0.333508528,0.250131396,0.200105117
60,1.8,1.000525584,0.500262792,0.333508528,0.250131396,0.200105117
60,2,1.000525584,0.500262792,0.333508528,0.250131396,0.200105117
60,2.2,1.000525584,0.500262792,0.333508528,0.250131396,0.200105117
60,2.4,1.000525584,0.500262792,0.333508528,0.250131396,0.200105117
60,2.6,1.000525584,0.500262792,0.333508528,0.250131396,0.200105117
60,2.8,1.000525584,0.500262792,0.333508528,0.250131396,0.200105117
60,3,1.000525584,0.500262792,0.333508528,0.250131396,0.200105117
60,3.2,0.920052558,0.460026279,0.306684186,0.23001314,0.184010512
60,3.4,0.847508199,0.4237541,0.282502733,0.21187705,0.16950164
60,3.6,0.790946048,0.395473024,0.263648683,0.197736512,0.15818921
60,3.8,0.753891287,0.376945643,0.251297096,0.188472822,0.150778257
60,4,0.724651556,0.362325778,0.241550519,0.181162889,0.144930311
60,4.2,0.692399472,0.346199736,0.230799824,0.173099868,0.138479894
60,4.4,0.661515206,0.330757603,0.220505069,0.165378802,0.132303041
60,4.6,0.640300169,0.320150085,0.21343339,0.160075042,0.128060034
60,4.8,0.617947832,0.308973916,0.205982611,0.154486958,0.123589566
60,5,0.590452943,0.295226472,0.196817648,0.147613236,0.118090589
60,5.2,0.571202445,0.285601223,0.190400815,0.142800611,0.114240489
60,5.4,0.544452781,0.272226391,0.18148426,0.136113195,0.108890556
60,5.6,0.525434244,0.262717122,0.175144748,0.131358561,0.105086849
60,5.8,0.506415706,0.253207853,0.168805235,0.126603926,0.101283141
60,6,0.498784994,0.249392497,0.166261665,0.124696248,0.099756999
60,6.2,0.48642907,0.243214535,0.162143023,0.121607267,0.097285814
60,6.4,0.479893789,0.239946894,0.159964596,0.119973447,0.095978758
60,6.6,0.479527652,0.239763826,0.159842551,0.119881913,0.09590553
60,6.8,0.465527075,0.232763537,0.155175692,0.116381769,0.093105415
60,7,0.458956584,0.229478292,0.152985528,0.114739146,0.091791317
60,7.2,0.460155999,0.230078,0.153385333,0.115039,0.0920312
70,0,1.108992006,0.554496003,0.369664002,0.277248002,0.221798401
70,0.2,1.109200638,0.554600319,0.369733546,0.277300159,0.221840128
70,0.4,1.109200638,0.554600319,0.369733546,0.277300159,0.221840128
70,0.6,1.109200638,0.554600319,0.369733546,0.277300159,0.221840128
70,0.8,1.109200638,0.554600319,0.369733546,0.277300159,0.221840128
70,1,1.109200638,0.554600319,0.369733546,0.277300159,0.221840128
70,1.2,1.109200638,0.554600319,0.369733546,0.277300159,0.221840128
70,1.4,1.109200638,0.554600319,0.369733546,0.277300159,0.221840128
70,1.6,1.109200638,0.554600319,0.369733546,0.277300159,0.221840128
70,1.8,1.109200638,0.554600319,0.369733546,0.277300159,0.221840128
70,2,1.109200638,0.554600319,0.369733546,0.277300159,0.221840128
70,2.2,1.109200638,0.554600319,0.369733546,0.277300159,0.221840128
70,2.4,1.10341218,0.55170609,0.36780406,0.275853045,0.220682436
70,2.6,1.103175139,0.55158757,0.367725046,0.275793785,0.220635028
70,2.8,1.102938099,0.55146905,0.367646033,0.275734525,0.22058762
70,3,1.102015547,0.551007773,0.367338516,0.275503887,0.220403109
70,3.2,1.100357771,0.550178885,0.366785924,0.275089443,0.220071554
70,3.4,1.105367305,0.552683652,0.368455768,0.276341826,0.221073461
70,3.6,1.101763846,0.550881923,0.367254615,0.275440962,0.220352769
70,3.8,1.077060789,0.538530395,0.359020263,0.269265197,0.215412158
70,4,1.018110527,0.509055264,0.339370176,0.254527632,0.203622105
70,4.2,0.949059904,0.474529952,0.316353301,0.237264976,0.189811981
70,4.4,0.858819011,0.429409506,0.286273004,0.214704753,0.171763802
70,4.6,0.793248655,0.396624327,0.264416218,0.198312164,0.158649731
70,4.8,0.737320391,0.368660195,0.245773464,0.184330098,0.147464078
70,5,0.703652499,0.35182625,0.234550833,0.175913125,0.1407305
70,5.2,0.703135001,0.3515675,0.234378334,0.17578375,0.140627
70,5.4,0.709494186,0.354747093,0.236498062,0.177373547,0.141898837
70,5.6,0.707135072,0.353567536,0.235711691,0.176783768,0.141427014
70,5.8,0.707658063,0.353829031,0.235886021,0.176914516,0.141531613
70,6,0.704930651,0.352465326,0.234976884,0.176232663,0.14098613
70,6.2,0.700879122,0.350439561,0.233626374,0.175219781,0.140175824
70,6.4,0.706337648,0.353168824,0.235445883,0.176584412,0.14126753
70,6.6,0.707454792,0.353727396,0.235818264,0.176863698,0.141490958
70,6.8,0.701215586,0.350607793,0.233738529,0.175303896,0.140243117
70,7,0.703250843,0.351625422,0.234416948,0.175812711,0.140650169
70,7.2,0.703051502,0.351525751,0.234350501,0.175762875,0.1406103
70,7.4,0.705301136,0.352650568,0.235100379,0.176325284,0.141060227
70,7.6,0.703733297,0.351866649,0.234577766,0.175933324,0.140746659
70,7.8,0.701367571,0.350683786,0.23378919,0.175341893,0.140273514
70,8,0.702180184,0.351090092,0.234060061,0.175545046,0.140436037
70,8.2,0.706484507,0.353242253,0.235494836,0.176621127,0.141296901
70,8.4,0.707667544,0.353833772,0.235889181,0.176916886,0.141533509
70,8.6,0.707353379,0.35367669,0.23578446,0.176838345,0.141470676
70,8.8,0.707646906,0.353823453,0.235882302,0.176911726,0.141529381
70,9,0.708770563,0.354385282,0.236256854,0.177192641,0.141754113
70,9.2,0.705161256,0.352580628,0.235053752,0.176290314,0.141032251
70,9.4,0.706222184,0.353111092,0.235407395,0.176555546,0.141244437
70,9.6,0.70178341,0.350891705,0.233927803,0.175445852,0.140356682
70,9.8,0.707025432,0.353512716,0.235675144,0.176756358,0.141405086
70,10,0.706929955,0.353464977,0.235643318,0.176732489,0.141385991
70,10.2,0.69441705,0.347208525,0.23147235,0.173604263,0.13888341
70,10.4,0.68449756,0.34224878,0.228165853,0.17112439,0.136899512
70,10.6,0.638898609,0.319449304,0.212966203,0.159724652,0.127779722
70,10.8,0.647856956,0.323928478,0.215952319,0.161964239,0.129571391
70,11,0.641600755,0.320800377,0.213866918,0.160400189,0.128320151
70,11.2,0.572751948,0.286375974,0.190917316,0.143187987,0.11455039
70,11.4,0.555439731,0.277719866,0.185146577,0.138859933,0.111087946
70,11.6,0.547248594,0.273624297,0.182416198,0.136812148,0.109449719
70,11.8,0.546207968,0.273103984,0.182069323,0.136551992,0.109241594
70,12,0.536386308,0.268193154,0.178795436,0.134096577,0.107277262
70,12.2,0.518886245,0.259443122,0.172962082,0.129721561,0.103777249
70,12.4,0.485572107,0.242786054,0.161857369,0.121393027,0.097114421
70,12.6,0.467258404,0.233629202,0.155752801,0.116814601,0.093451681
70,12.8,0.437358684,0.218679342,0.145786228,0.109339671,0.087471737
70,13,0.439644036,0.219822018,0.146548012,0.109911009,0.087928807
70,13.2,0.40564522,0.20282261,0.135215073,0.101411305,0.081129044
70,13.4,0.402643783,0.201321891,0.134214594,0.100660946,0.080528757
70,13.6,0.409064533,0.204532266,0.136354844,0.102266133,0.081812907
70,13.8,0.385060681,0.19253034,0.12835356,0.09626517,0.077012136
70,14,0.349320353,0.174660176,0.116440118,0.087330088,0.069864071
70,14.2,0.31858507,0.159292535,0.106195023,0.079646268,0.063717014
70,14.4,0.271859326,0.135929663,0.090619775,0.067964831,0.054371865
70,14.6,0.259434406,0.129717203,0.086478135,0.064858601,0.051886881
70,14.8,0.236096705,0.118048353,0.078698902,0.059024176,0.047219341
70,15,0.228591816,0.114295908,0.076197272,0.057147954,0.045718363
70,15.2,0.219816524,0.109908262,0.073272175,0.054954131,0.043963305
80,0,1.23581223,0.617906115,0.41193741,0.308953058,0.247162446
80,0.2,1.23581223,0.617906115,0.41193741,0.308953058,0.247162446
80,0.4,1.23581223,0.617906115,0.41193741,0.308953058,0.247162446
80,0.6,1.23581223,0.617906115,0.41193741,0.308953058,0.247162446
80,0.8,1.23581223,0.617906115,0.41193741,0.308953058,0.247162446
80,1,1.23581223,0.617906115,0.41193741,0.308953058,0.247162446
80,1.2,1.23581223,0.617906115,0.41193741,0.308953058,0.247162446
80,1.4,1.23581223,0.617906115,0.41193741,0.308953058,0.247162446
80,1.6,1.23581223,0.617906115,0.41193741,0.308953058,0.247162446
80,1.8,1.23581223,0.617906115,0.41193741,0.308953058,0.247162446
80,2,1.23581223,0.617906115,0.41193741,0.308953058,0.247162446
80,2.2,1.23581223,0.617906115,0.41193741,0.308953058,0.247162446
80,2.4,1.23581223,0.617906115,0.41193741,0.308953058,0.247162446
80,2.6,1.23581223,0.617906115,0.41193741,0.308953058,0.247162446
80,2.8,1.23581223,0.617906115,0.41193741,0.308953058,0.247162446
80,3,1.23581223,0.617906115,0.41193741,0.308953058,0.247162446
80,3.2,1.23581223,0.617906115,0.41193741,0.308953058,0.247162446
80,3.4,1.23581223,0.617906115,0.41193741,0.308953058,0.247162446
80,3.6,1.20581223,0.602906115,0.40193741,0.301453058,0.241162446
80,3.8,1.17581223,0.587906115,0.39193741,0.293953058,0.235162446
80,4,1.13581223,0.567906115,0.378604077,0.283953058,0.227162446
80,4.2,1.08581223,0.542906115,0.36193741,0.271453058,0.217162446
80,4.4,1.03581223,0.517906115,0.345270743,0.258953058,0.207162446
80,4.6,0.978122301,0.489061151,0.326040767,0.244530575,0.19562446
80,4.8,0.93581223,0.467906115,0.31193741,0.233953058,0.187162446
80,5,0.908122301,0.454061151,0.302707434,0.227030575,0.18162446
80,5.2,0.861426171,0.430713086,0.287142057,0.215356543,0.172285234
80,5.4,0.847040112,0.423520056,0.282346704,0.211760028,0.169408022
80,5.6,0.820463336,0.410231668,0.273487779,0.205115834,0.164092667
80,5.8,0.812152806,0.406076403,0.270717602,0.203038202,0.162430561
80,6,0.81052487,0.405262435,0.270174957,0.202631217,0.162104974
80,6.2,0.802513277,0.401256639,0.267504426,0.200628319,0.160502655
80,6.4,0.800057767,0.400028883,0.266685922,0.200014442,0.160011553
80,6.6,0.807890348,0.403945174,0.269296783,0.201972587,0.16157807
80,6.8,0.805771611,0.402885806,0.268590537,0.201442903,0.161154322
80,7,0.807405159,0.40370258,0.269135053,0.20185129,0.161481032
80,7.2,0.801310908,0.400655454,0.267103636,0.200327727,0.160262182
80,7.4,0.802782307,0.401391154,0.267594102,0.200695577,0.160556461
80,7.6,0.809776659,0.40488833,0.269925553,0.202444165,0.161955332
80,7.8,0.801946855,0.400973427,0.267315618,0.200486714,0.160389371
80,8,0.802572391,0.401286195,0.26752413,0.200643098,0.160514478
80,8.2,0.805142211,0.402571105,0.268380737,0.201285553,0.161028442
80,8.4,0.806220298,0.403110149,0.268740099,0.201555074,0.16124406
80,8.6,0.801956204,0.400978102,0.267318735,0.200489051,0.160391241
80,8.8,0.804013368,0.402006684,0.268004456,0.201003342,0.160802674
80,9,0.800159079,0.40007954,0.266719693,0.20003977,0.160031816
80,9.2,0.802278213,0.401139106,0.267426071,0.200569553,0.160455643
80,9.4,0.800163932,0.400081966,0.266721311,0.200040983,0.160032786
80,9.6,0.803098416,0.401549208,0.267699472,0.200774604,0.160619683
80,9.8,0.805656185,0.402828093,0.268552062,0.201414046,0.161131237
80,10,0.80694052,0.40347026,0.268980173,0.20173513,0.161388104
80,10.2,0.805019706,0.402509853,0.268339902,0.201254927,0.161003941
80,10.4,0.798242533,0.399121266,0.266080844,0.199560633,0.159648507
80,10.6,0.789340851,0.394670425,0.263113617,0.197335213,0.15786817
80,10.8,0.765209357,0.382604678,0.255069786,0.191302339,0.153041871
80,11,0.743431252,0.371715626,0.247810417,0.185857813,0.14868625
80,11.2,0.729904572,0.364952286,0.243301524,0.182476143,0.145980914
80,11.4,0.711272099,0.355636049,0.2370907,0.177818025,0.14225442
80,11.6,0.700830671,0.350415335,0.233610224,0.175207668,0.140166134
80,11.8,0.698034851,0.349017426,0.232678284,0.174508713,0.13960697
80,12,0.67870676,0.33935338,0.226235587,0.16967669,0.135741352
80,12.2,0.672772227,0.336386113,0.224257409,0.168193057,0.134554445
80,12.4,0.664980567,0.332490283,0.221660189,0.166245142,0.132996113
80,12.6,0.643019014,0.321509507,0.214339671,0.160754754,0.128603803
80,12.8,0.632257064,0.316128532,0.210752355,0.158064266,0.126451413
80,13,0.628702157,0.314351079,0.209567386,0.157175539,0.125740431
80,13.2,0.621095927,0.310547963,0.207031976,0.155273982,0.124219185
80,13.4,0.614411816,0.307205908,0.204803939,0.153602954,0.122882363
80,13.6,0.590687569,0.295343784,0.196895856,0.147671892,0.118137514
80,13.8,0.573959521,0.286979761,0.19131984,0.14348988,0.114791904
80,14,0.556195306,0.278097653,0.185398435,0.139048826,0.111239061
80,14.2,0.530478396,0.265239198,0.176826132,0.132619599,0.106095679
80,14.4,0.518653465,0.259326733,0.172884488,0.129663366,0.103730693
80,14.6,0.494026256,0.247013128,0.164675419,0.123506564,0.098805251
80,14.8,0.470644635,0.235322318,0.156881545,0.117661159,0.094128927
80,15,0.453167919,0.226583959,0.151055973,0.11329198,0.090633584
80,15.2,0.439272615,0.219636307,0.146424205,0.109818154,0.087854523
80,15.4,0.413945159,0.206972579,0.13798172,0.10348629,0.082789032
80,15.6,0.405496076,0.202748038,0.135165359,0.101374019,0.081099215
80,15.8,0.394317464,0.197158732,0.131439155,0.098579366,0.078863493
80,16,0.386144697,0.193072349,0.128714899,0.096536174,0.077228939
80,16.2,0.382660336,0.191330168,0.127553445,0.095665084,0.076532067
80,16.4,0.381851812,0.190925906,0.127283937,0.095462953,0.076370362
80,16.6,0.375278933,0.187639467,0.125092978,0.093819733,0.075055787
80,16.8,0.366146424,0.183073212,0.122048808,0.091536606,0.073229285
80,17,0.354434408,0.177217204,0.118144803,0.088608602,0.070886882
80,17.2,0.344496678,0.172248339,0.114832226,0.086124169,0.068899336
80,17.4,0.33071895,0.165359475,0.11023965,0.082679737,0.06614379
80,17.6,0.32523921,0.162619605,0.10841307,0.081309802,0.065047842
80,17.8,0.318683367,0.159341684,0.106227789,0.079670842,0.063736673
80,18,0.292396383,0.146198191,0.097465461,0.073099096,0.058479277
80,18.2,0.272861541,0.136430771,0.090953847,0.068215385,0.054572308
80,18.4,0.256712814,0.128356407,0.085570938,0.064178204,0.051342563
80,18.6,0.23523192,0.11761596,0.07841064,0.05880798,0.047046384
80,18.8,0.213476801,0.106738401,0.071158934,0.0533692,0.04269536
80,19,0.208706795,0.104353398,0.069568932,0.052176699,0.041741359
80,19.2,0.186986083,0.093493041,0.062328694,0.046746521,0.037397217
80,19.4,0.16111059,0.080555295,0.05370353,0.040277648,0.032222118
80,19.6,0.149814346,0.074907173,0.049938115,0.037453587,0.029962869
80,19.8,0.123883004,0.061941502,0.041294335,0.030970751,0.024776601
80,20,0.118381985,0.059190992,0.039460662,0.029595496,0.023676397
90,0,1.436626118,0.718313059,0.478875373,0.359156529,0.287325224
90,0.2,1.436626118,0.718313059,0.478875373,0.359156529,0.287325224
90,0.4,1.436626118,0.718313059,0.478875373,0.359156529,0.287325224
90,0.6,1.436626118,0.718313059,0.478875373,0.359156529,0.287325224
90,0.8,1.436626118,0.718313059,0.478875373,0.359156529,0.287325224
90,1,1.436626118,0.718313059,0.478875373,0.359156529,0.287325224
90,1.2,1.438347698,0.719173849,0.479449233,0.359586925,0.28766954
90,1.4,1.435943613,0.717971807,0.478647871,0.358985903,0.287188723
90,1.6,1.430851717,0.715425859,0.476950572,0.357712929,0.286170343
90,1.8,1.438850486,0.719425243,0.479616829,0.359712622,0.287770097
90,2,1.435122094,0.717561047,0.478374031,0.358780524,0.287024419
90,2.2,1.434473796,0.717236898,0.478157932,0.358618449,0.286894759
90,2.4,1.433774593,0.716887296,0.477924864,0.358443648,0.286754919
90,2.6,1.435800194,0.717900097,0.478600065,0.358950049,0.287160039
90,2.8,1.436451642,0.718225821,0.478817214,0.35911291,0.287290328
90,3,1.43710309,0.718551545,0.479034363,0.359275772,0.287420618
90,3.2,1.436281609,0.718140804,0.478760536,0.359070402,0.287256322
90,3.4,1.433420608,0.716710304,0.477806869,0.358355152,0.286684122
90,3.6,1.433059729,0.716529865,0.477686576,0.358264932,0.286611946
90,3.8,1.435687874,0.717843937,0.478562625,0.358921968,0.287137575
90,4,1.350731401,0.675365701,0.4502438,0.33768285,0.27014628
90,4.2,1.293363698,0.646681849,0.431121233,0.323340924,0.25867274
90,4.4,1.233560019,0.616780009,0.411186673,0.308390005,0.246712004
90,4.6,1.163248075,0.581624037,0.387749358,0.290812019,0.232649615
90,4.8,1.128998025,0.564499012,0.376332675,0.282249506,0.225799605
90,5,1.071558292,0.535779146,0.357186097,0.267889573,0.214311658
90,5.2,1.008884998,0.504442499,0.336294999,0.252221249,0.201777
90,5.4,1.000504432,0.500252216,0.333501477,0.250126108,0.200100886
90,5.6,1.006765325,0.503382662,0.335588442,0.251691331,0.201353065
90,5.8,1.007565388,0.503782694,0.335855129,0.251891347,0.201513078
90,6,1.009642761,0.504821381,0.336547587,0.25241069,0.201928552
90,6.2,1.006920319,0.503460159,0.335640106,0.25173008,0.201384064
90,6.4,1.004978887,0.502489443,0.334992962,0.251244722,0.200995777
90,6.6,1.00128461,0.500642305,0.333761537,0.250321152,0.200256922
90,6.8,1.002123147,0.501061573,0.334041049,0.250530787,0.200424629
90,7,1.006129424,0.503064712,0.335376475,0.251532356,0.201225885
90,7.2,1.002694219,0.501347109,0.334231406,0.250673555,0.200538844
90,7.4,1.008629103,0.504314551,0.336209701,0.252157276,0.201725821
90,7.6,1.009177263,0.504588632,0.336392421,0.252294316,0.201835453
90,7.8,1.009246761,0.50462338,0.336415587,0.25231169,0.201849352
90,8,1.005428336,0.502714168,0.335142779,0.251357084,0.201085667
90,8.2,1.009052834,0.504526417,0.336350945,0.252263209,0.201810567
90,8.4,1.00896709,0.504483545,0.336322363,0.252241773,0.201793418
90,8.6,1.007503895,0.503751948,0.335834632,0.251875974,0.201500779
90,8.8,1.007648893,0.503824446,0.335882964,0.251912223,0.201529779
90,9,1.008659424,0.504329712,0.336219808,0.252164856,0.201731885
90,9.2,1.00556388,0.50278194,0.33518796,0.25139097,0.201112776
90,9.4,1.003324507,0.501662253,0.334441502,0.250831127,0.200664901
90,9.6,1.006468437,0.503234218,0.335489479,0.251617109,0.201293687
90,9.8,1.005718884,0.502859442,0.335239628,0.251429721,0.201143777
90,10,1.009627981,0.504813991,0.33654266,0.252406995,0.201925596
90,10.2,1.0013803,0.50069015,0.333793433,0.250345075,0.20027606
90,10.4,0.984546862,0.492273431,0.328182287,0.246136715,0.196909372
90,10.6,0.971858262,0.485929131,0.323952754,0.242964565,0.194371652
90,10.8,0.975395571,0.487697785,0.325131857,0.243848893,0.195079114
90,11,0.950009799,0.4750049,0.316669933,0.23750245,0.19000196
90,11.2,0.920037127,0.460018563,0.306679042,0.230009282,0.184007425
90,11.4,0.871056022,0.435528011,0.290352007,0.217764006,0.174211204
90,11.6,0.82871165,0.414355825,0.276237217,0.207177912,0.16574233
90,11.8,0.809253433,0.404626716,0.269751144,0.202313358,0.161850687
90,12,0.787061925,0.393530962,0.262353975,0.196765481,0.157412385
90,12.2,0.773449082,0.386724541,0.257816361,0.193362271,0.154689816
90,12.4,0.766984805,0.383492402,0.255661602,0.191746201,0.153396961
90,12.6,0.7573619,0.37868095,0.252453967,0.189340475,0.15147238
90,12.8,0.748332858,0.374166429,0.249444286,0.187083215,0.149666572
90,13,0.737739652,0.368869826,0.245913217,0.184434913,0.14754793
90,13.2,0.720280549,0.360140274,0.240093516,0.180070137,0.14405611
90,13.4,0.708247611,0.354123806,0.236082537,0.177061903,0.141649522
90,13.6,0.6813269,0.34066345,0.227108967,0.170331725,0.13626538
90,13.8,0.661649889,0.330824945,0.220549963,0.165412472,0.132329978
90,14,0.64299399,0.321496995,0.21433133,0.160748497,0.128598798
90,14.2,0.63322219,0.316611095,0.211074063,0.158305548,0.126644438
90,14.4,0.605689503,0.302844752,0.201896501,0.151422376,0.121137901
90,14.6,0.571421529,0.285710764,0.190473843,0.142855382,0.114284306
90,14.8,0.554915707,0.277457853,0.184971902,0.138728927,0.110983141
90,15,0.537111572,0.268555786,0.179037191,0.134277893,0.107422314
90,15.2,0.527180027,0.263590013,0.175726676,0.131795007,0.105436005
90,15.4,0.510795394,0.255397697,0.170265131,0.127698848,0.102159079
90,15.6,0.508584731,0.254292365,0.169528244,0.127146183,0.101716946
90,15.8,0.509548056,0.254774028,0.169849352,0.127387014,0.101909611
90,16,0.509298075,0.254649037,0.169766025,0.127324519,0.101859615
90,16.2,0.502045303,0.251022652,0.167348434,0.125511326,0.100409061
90,16.4,0.501400417,0.250700209,0.167133472,0.125350104,0.100280083
90,16.6,0.504110263,0.252055131,0.168036754,0.126027566,0.100822053
90,16.8,0.490618461,0.24530923,0.163539487,0.122654615,0.098123692
90,17,0.488188963,0.244094482,0.162729654,0.122047241,0.097637793
90,17.2,0.470297594,0.235148797,0.156765865,0.117574398,0.094059519
90,17.4,0.466519414,0.233259707,0.155506471,0.116629854,0.093303883
90,17.6,0.453080291,0.226540146,0.151026764,0.113270073,0.090616058
90,17.8,0.440970851,0.220485425,0.146990284,0.110242713,0.08819417
90,18,0.430281339,0.21514067,0.143427113,0.107570335,0.086056268
90,18.2,0.429123849,0.214561924,0.143041283,0.107280962,0.08582477
90,18.4,0.418219649,0.209109824,0.13940655,0.104554912,0.08364393
90,18.6,0.400281458,0.200140729,0.133427153,0.100070364,0.080056292
90,18.8,0.402400129,0.201200064,0.134133376,0.100600032,0.080480026
90,19,0.39136455,0.195682275,0.13045485,0.097841138,0.07827291
90,19.2,0.381423369,0.190711684,0.127141123,0.095355842,0.076284674
90,19.4,0.382310589,0.191155294,0.127436863,0.095577647,0.076462118
90,19.6,0.380874772,0.190437386,0.126958257,0.095218693,0.076174954
90,19.8,0.380633703,0.190316851,0.126877901,0.095158426,0.076126741
90,20,0.386982158,0.193491079,0.128994053,0.096745539,0.077396432
90,20.2,0.378116706,0.189058353,0.126038902,0.094529177,0.075623341
90,20.4,0.337254719,0.168627359,0.11241824,0.08431368,0.067450944
90,20.6,0.338727703,0.169363851,0.112909234,0.084681926,0.067745541
90,20.8,0.323935408,0.161967704,0.107978469,0.080983852,0.064787082
90,21,0.325328548,0.162664274,0.108442849,0.081332137,0.06506571
90,21.2,0.325791145,0.162895572,0.108597048,0.081447786,0.065158229
90,21.4,0.312515383,0.156257691,0.104171794,0.078128846,0.062503077
90,21.6,0.292516965,0.146258482,0.097505655,0.073129241,0.058503393
90,21.8,0.303871836,0.151935918,0.101290612,0.075967959,0.060774367
90,22,0.27157311,0.135786555,0.09052437,0.067893277,0.054314622
90,22.2,0.264698102,0.132349051,0.088232701,0.066174525,0.05293962
90,22.4,0.285850381,0.142925191,0.09528346,0.071462595,0.057170076
90,22.6,0.256790739,0.12839537,0.085596913,0.064197685,0.051358148
90,22.8,0.218561207,0.109280603,0.072853736,0.054640302,0.043712241
90,23,0.286331238,0.143165619,0.095443746,0.07158281,0.057266248
90,23.2,0.189592295,0.094796148,0.063197432,0.047398074,0.037918459
90,23.4,0.121389741,0.06069487,0.040463247,0.030347435,0.024277948
90,23.6,0.190129344,0.095064672,0.063376448,0.047532336,0.038025869
90,23.8,0.167154074,0.083577037,0.055718025,0.041788518,0.033430815
90,24,0.165392019,0.08269601,0.055130673,0.041348005,0.033078404
90,24.2,0.16058328,0.08029164,0.05352776,0.04014582,0.032116656
90,24.4,0.094183731,0.047091865,0.031394577,0.023545933,0.018836746
90,24.6,0.071954471,0.035977235,0.023984824,0.017988618,0.014390894
90,24.8,0.086798856,0.043399428,0.028932952,0.021699714,0.017359771
90,25,0.012003798,0.006001899,0.004001266,0.00300095,0.00240076
