u,v,a
-60,0,-3.038463752
-60,0.2,-3.138463752
-60,0.4,-3.138284207
-60,0.6,-3.137566027
-60,0.8,-3.183328586
-60,1,-3.103654221
-60,1.2,-3.211665988
-60,1.4,-3.295420477
-60,1.6,-3.294826644
-60,1.8,-3.366541058
-60,2,-3.361188286
-60,2.2,-3.362771675
-60,2.4,-3.398960045
-60,2.6,-3.400780298
-60,2.8,-3.40260055
-60,3,-3.404420802
-60,3.2,-3.364952256
-60,3.4,-3.322596936
-60,3.6,-3.304872682
-60,3.8,-3.298075647
-60,4,-3.30043271
-60,4.2,-3.341761518
-60,4.4,-3.341434823
-60,4.6,-3.341108127
-60,4.8,-3.382089271
-60,5,-3.382335729
-60,5.2,-3.382582187
-60,5.4,-3.382828644
-60,5.6,-3.345446547
-60,5.8,-3.342307646
-60,6,-3.34930047
-60,6.2,-3.35182708
-60,6.4,-3.354353691
-60,6.6,-3.42462353
-60,6.8,-3.424956708
-60,7,-3.425289885
-60,7.2,-3.425623063
-60,7.4,-3.425956241
-60,7.6,-3.426289419
-60,7.8,-3.51399669
-60,8,-3.537284635
-60,8.2,-3.558962097
-60,8.4,-3.542478819
-60,8.6,-3.542088855
-60,8.8,-3.54169889
-60,9,-3.541308926
-60,9.2,-3.540918961
-60,9.4,-3.540528997
-60,9.6,-3.540139032
-60,9.8,-3.749453564
-60,10,-3.908227159
-60,10.2,-4.028835939
-60,10.4,-4.113819705
-60,10.6,-4.170336109
-60,10.8,-4.21809231
-60,11,-4.262885747
-60,11.2,-4.303090098
-60,11.4,-4.311766594
-60,11.6,-4.248482941
-60,11.8,-4.243337466
-60,12,-4.23819199
-60,12.2,-4.344468249
-60,12.4,-4.413339612
-60,12.6,-4.452198788
-60,12.8,-4.479582717
-60,13,-4.403233266
-60,13.2,-4.396496351
-60,13.4,-4.389759437
-60,13.6,-4.393127894
-60,13.8,-4.391443666
-60,14,-4.39228578
-60,14.2,-4.391864723
-60,14.4,-4.392075251
-60,14.6,-4.391969987
-60,14.8,-4.392022619
-60,15,-4.391996303
-60,15.2,-4.392009461
-60,15.4,-4.392002882
-60,15.6,-4.392006172
-60,15.8,-4.392004527
-60,16,-4.392005349
-60,16.2,-4.392004938
-60,16.4,-4.392005144
-60,16.6,-4.392005041
-60,16.8,-4.392005092
-60,17,-4.392005066
-60,17.2,-4.392005079
-60,17.4,-4.392005073
-60,17.6,-4.392005076
-60,17.8,-4.392005075
-60,18,-4.392005075
-60,18.2,-4.392005075
-60,18.4,-4.392005075
-60,18.6,-4.467199183
-60,18.8,-4.460830457
-60,19,-4.46401482
-60,19.2,-4.462422638
-60,19.4,-4.463218729
-60,19.6,-4.462820684
-60,19.8,-4.463019706
-60,20,-4.462920195
-60,20.2,-4.462969951
-60,20.4,-4.462945073
-60,20.6,-4.462957512
-60,20.8,-4.462951292
-60,21,-4.462954402
-60,21.2,-4.462952847
-60,21.4,-4.462953625
-60,21.6,-4.462953236
-60,21.8,-4.412682328
-60,22,-4.408555223
-60,22.2,-4.404428119
-60,22.4,-4.400301014
-60,22.6,-4.350584282
-60,22.8,-4.350615759
-60,23,-4.350647236
-60,23.2,-4.350678713
-60,23.4,-4.350662974
-60,23.6,-4.350670844
-60,23.8,-4.350666909
-60,24,-4.350668876
-60,24.2,-4.350667893
-60,24.4,-4.350668385
-60,24.6,-4.350668139
-60,24.8,-4.350668262
-60,25,-4.350668139
-60,25.2,-4.350668139
-60,25.4,-4.350668139
-60,25.6,-4.350668139
-60,25.8,-4.350668139
-60,26,-4.350668139
-60,26.2,-4.350668139
-60,26.4,-4.350668139
-60,26.6,-4.350668139
-60,26.8,-4.350668139
-60,27,-4.350668139
-60,27.2,-4.350668139
-60,27.4,-4.350668139
-60,27.6,-4.350668139
-60,27.8,-4.350668139
-60,28,-4.350668139
-60,28.2,-4.350668139
-60,28.4,-4.350668139
-60,28.6,-4.350668139
-60,28.8,-4.350668139
-60,29,-4.350668139
-60,29.2,-4.350668139
-60,29.4,-4.350668139
-60,29.6,-4.350668139
-60,29.8,-4.350668139
-60,30,-4.350668139
-50,0,-2.658867342
-50,0.2,-2.658867342
-50,0.4,-2.6589557
-50,0.6,-2.658397347
-50,0.8,-2.668473319
-50,1,-2.732481834
-50,1.2,-2.773518607
-50,1.4,-2.891508561
-50,1.6,-2.847513102
-50,1.8,-2.963380583
-50,2,-2.95883111
-50,2.2,-2.958008323
-50,2.4,-2.937868092
-50,2.6,-2.936950746
-50,2.8,-2.936033399
-50,3,-2.935116052
-50,3.2,-2.934198705
-50,3.4,-2.947203456
-50,3.6,-2.819788298
-50,3.8,-2.765858549
-50,4,-2.754629904
-50,4.2,-2.846552873
-50,4.4,-2.920582559
-50,4.6,-2.968848424
-50,4.8,-2.996959751
-50,5,-3.017375291
-50,5.2,-3.012039925
-50,5.4,-3.007674755
-50,5.6,-3.003309585
-50,5.8,-2.974065075
-50,6,-3.000643513
-50,6.2,-3.008940716
-50,6.4,-3.079675237
-50,6.6,-3.125614024
-50,6.8,-3.151657708
-50,7,-3.170094441
-50,7.2,-3.079119853
-50,7.4,-3.011463795
-50,7.6,-2.967149272
-50,7.8,-2.941407977
-50,8,-2.922945039
-50,8.2,-2.936290006
-50,8.4,-2.937175047
-50,8.6,-2.938060088
-50,8.8,-2.938945129
-50,9,-2.93983017
-50,9.2,-2.982605847
-50,9.4,-2.979810409
-50,9.6,-2.927785036
-50,9.8,-2.911013316
-50,10,-2.905486659
-50,10.2,-2.907122751
-50,10.4,-2.908758844
-50,10.6,-2.910394937
-50,10.8,-2.91203103
-50,11,-2.913667123
-50,11.2,-2.854060632
-50,11.4,-2.836751713
-50,11.6,-2.824569373
-50,11.8,-2.825001723
-50,12,-2.825434073
-50,12.2,-2.825866424
-50,12.4,-2.826298774
-50,12.6,-2.874498575
-50,12.8,-2.871345413
-50,13,-2.872921994
-50,13.2,-2.872133703
-50,13.4,-2.872527848
-50,13.6,-2.872330776
-50,13.8,-2.872429312
-50,14,-2.872380044
-50,14.2,-2.90858708
-50,14.4,-2.926562944
-50,14.6,-2.926479758
-50,14.8,-2.885260454
-50,15,-2.882726566
-50,15.2,-2.847583494
-50,15.4,-2.847201797
-50,15.6,-2.846820099
-50,15.8,-2.846438402
-50,16,-2.846056705
-50,16.2,-2.846247553
-50,16.4,-2.846152129
-50,16.6,-2.846199841
-50,16.8,-2.846175985
-50,17,-2.846187913
-50,17.2,-2.846181949
-50,17.4,-2.846184931
-50,17.6,-2.84618344
-50,17.8,-2.846184186
-50,18,-2.779006229
-50,18.2,-2.78053479
-50,18.4,-2.77977051
-50,18.6,-2.78015265
-50,18.8,-2.77996158
-50,19,-2.780057115
-50,19.2,-2.780009347
-50,19.4,-2.780033231
-50,19.6,-2.780021289
-50,19.8,-2.78002726
-50,20,-2.780024275
-50,20.2,-2.780025767
-50,20.4,-2.780025021
-50,20.6,-2.780025394
-50,20.8,-2.780025208
-50,21,-2.780025301
-50,21.2,-2.780025254
-50,21.4,-2.780025278
-50,21.6,-2.780025266
-50,21.8,-2.780025272
-50,22,-2.780025269
-50,22.2,-2.78002527
-50,22.4,-2.78002527
-50,22.6,-2.78002527
-50,22.8,-2.78002527
-50,23,-2.78002527
-50,23.2,-2.78002527
-50,23.4,-2.78002527
-50,23.6,-2.78002527
-50,23.8,-2.78002527
-50,24,-2.78002527
-50,24.2,-2.78002527
-50,24.4,-2.78002527
-50,24.6,-2.78002527
-50,24.8,-2.78002527
-50,25,-2.78002527
-50,25.2,-2.78002527
-50,25.4,-2.78002527
-50,25.6,-2.78002527
-50,25.8,-2.78002527
-50,26,-2.78002527
-50,26.2,-2.78002527
-50,26.4,-2.78002527
-50,26.6,-2.78002527
-50,26.8,-2.78002527
-50,27,-2.78002527
-50,27.2,-2.78002527
-50,27.4,-2.78002527
-50,27.6,-2.78002527
-50,27.8,-2.78002527
-50,28,-2.78002527
-50,28.2,-2.78002527
-50,28.4,-2.78002527
-50,28.6,-2.78002527
-50,28.8,-2.78002527
-50,29,-2.78002527
-50,29.2,-2.78002527
-50,29.4,-2.78002527
-50,29.6,-2.78002527
-50,29.8,-2.78002527
-50,30,-2.78002527
-40,0,-2.023526735
-40,0.2,-2.035267354
-40,0.4,-2.023486134
-40,0.6,-2.096767729
-40,0.8,-2.038337307
-40,1,-2.068483059
-40,1.2,-2.083758653
-40,1.4,-2.090427497
-40,1.6,-2.093088767
-40,1.8,-2.094462831
-40,2,-2.094549687
-40,2.2,-2.094012887
-40,2.4,-2.085980652
-40,2.6,-2.173715358
-40,2.8,-2.221290747
-40,3,-2.242594078
-40,3.2,-2.251272955
-40,3.4,-2.24732738
-40,3.6,-2.260982573
-40,3.8,-2.209655928
-40,4,-2.187547032
-40,4.2,-2.167094074
-40,4.4,-2.168168292
-40,4.6,-2.16924251
-40,4.8,-2.170316728
-40,5,-2.2271024
-40,5.2,-2.217158129
-40,5.4,-2.215336121
-40,5.6,-2.213514113
-40,5.8,-2.211692105
-40,6,-2.209870097
-40,6.2,-2.155186279
-40,6.4,-2.126022561
-40,6.6,-2.097008631
-40,6.8,-2.093014899
-40,7,-2.059032344
-40,7.2,-1.969396166
-40,7.4,-1.913195981
-40,7.6,-1.8815668
-40,7.8,-1.858348321
-40,8,-1.847681703
-40,8.2,-1.847354446
-40,8.4,-1.901529899
-40,8.6,-1.919579768
-40,8.8,-1.93675066
-40,9,-1.936149643
-40,9.2,-1.908040596
-40,9.4,-1.990611359
-40,9.6,-1.92058264
-40,9.8,-1.971345632
-40,10,-1.976807158
-40,10.2,-2.019356728
-40,10.4,-1.988825204
-40,10.6,-1.986834008
-40,10.8,-1.940369476
-40,11,-1.984766018
-40,11.2,-1.999975816
-40,11.4,-1.992370917
-40,11.6,-1.996173367
-40,11.8,-1.994272142
-40,12,-1.995222754
-40,12.2,-1.994747448
-40,12.4,-1.994985101
-40,12.6,-1.994866275
-40,12.8,-1.994925688
-40,13,-1.994895981
-40,13.2,-1.994910835
-40,13.4,-1.994903408
-40,13.6,-1.994907121
-40,13.8,-1.994905265
-40,14,-1.994906193
-40,14.2,-1.994905729
-40,14.4,-1.994905961
-40,14.6,-1.994905845
-40,14.8,-1.994905903
-40,15,-1.994905874
-40,15.2,-2.020696346
-40,15.4,-2.00780111
-40,15.6,-2.014248728
-40,15.8,-2.011024919
-40,16,-2.012636823
-40,16.2,-2.011830871
-40,16.4,-2.012233847
-40,16.6,-2.012032359
-40,16.8,-1.963221507
-40,17,-1.987626933
-40,17.2,-1.97542422
-40,17.4,-1.981525576
-40,17.6,-1.978474898
-40,17.8,-1.980000237
-40,18,-1.979237568
-40,18.2,-1.979618903
-40,18.4,-1.977506772
-40,18.6,-1.976799167
-40,18.8,-1.976091562
-40,19,-1.976445365
-40,19.2,-1.976268464
-40,19.4,-1.976356914
-40,19.6,-1.976312689
-40,19.8,-1.976334802
-40,20,-1.976312689
-40,20.2,-1.976312689
-40,20.4,-1.976312689
-40,20.6,-1.976312689
-40,20.8,-1.976312689
-40,21,-1.976312689
-40,21.2,-1.976312689
-40,21.4,-1.976312689
-40,21.6,-1.976312689
-40,21.8,-1.976312689
-40,22,-1.976312689
-40,22.2,-1.976312689
-40,22.4,-1.976312689
-40,22.6,-1.976312689
-40,22.8,-1.976312689
-40,23,-1.976312689
-40,23.2,-1.976312689
-40,23.4,-1.976312689
-40,23.6,-1.976312689
-40,23.8,-1.976312689
-40,24,-1.976312689
-40,24.2,-1.976312689
-40,24.4,-1.976312689
-40,24.6,-1.976312689
-40,24.8,-1.976312689
-40,25,-1.976312689
-40,25.2,-1.976312689
-40,25.4,-1.976312689
-40,25.6,-1.976312689
-40,25.8,-1.976312689
-40,26,-1.976312689
-40,26.2,-1.976312689
-40,26.4,-1.976312689
-40,26.6,-1.976312689
-40,26.8,-1.976312689
-40,27,-1.976312689
-40,27.2,-1.976312689
-40,27.4,-1.976312689
-40,27.6,-1.976312689
-40,27.8,-1.976312689
-40,28,-1.976312689
-40,28.2,-1.976312689
-40,28.4,-1.976312689
-40,28.6,-1.976312689
-40,28.8,-1.976312689
-40,29,-1.976312689
-40,29.2,-1.976312689
-40,29.4,-1.976312689
-40,29.6,-1.976312689
-40,29.8,-1.976312689
-40,30,-1.976312689
-35,0,-1.354323083
-35,0.2,-1.354323083
-35,0.4,-1.353929341
-35,0.6,-1.318299054
-35,0.8,-1.381605394
-35,1,-1.384780261
-35,1.2,-1.305045313
-35,1.4,-1.370107175
-35,1.6,-1.381618654
-35,1.8,-1.44541623
-35,2,-1.446807879
-35,2.2,-1.483171431
-35,2.4,-1.489715192
-35,2.6,-1.528844749
-35,2.8,-1.521761551
-35,3,-1.516603915
-35,3.2,-1.500995813
-35,3.4,-1.480517508
-35,3.6,-1.476548703
-35,3.8,-1.473323289
-35,4,-1.515690215
-35,4.2,-1.582352794
-35,4.4,-1.625581252
-35,4.6,-1.65133419
-35,4.8,-1.670970794
-35,5,-1.671544635
-35,5.2,-1.653657315
-35,5.4,-1.678366802
-35,5.6,-1.679094764
-35,5.8,-1.679822726
-35,6,-1.680550688
-35,6.2,-1.68127865
-35,6.4,-1.731731837
-35,6.6,-1.740446398
-35,6.8,-1.74853457
-35,7,-1.748479693
-35,7.2,-1.646700884
-35,7.4,-1.615009426
-35,7.6,-1.612984928
-35,7.8,-1.574873453
-35,8,-1.645117663
-35,8.2,-1.609995558
-35,8.4,-1.606473314
-35,8.6,-1.596091804
-35,8.8,-1.601282559
-35,9,-1.598687182
-35,9.2,-1.59998487
-35,9.4,-1.619561286
-35,9.6,-1.620292537
-35,9.8,-1.620513885
-35,10,-1.620735233
-35,10.2,-1.620956581
-35,10.4,-1.621177929
-35,10.6,-1.621067255
-35,10.8,-1.621122592
-35,11,-1.621094923
-35,11.2,-1.621108758
-35,11.4,-1.62110184
-35,11.6,-1.621105299
-35,11.8,-1.62110357
-35,12,-1.621104434
-35,12.2,-1.621104002
-35,12.4,-1.621104218
-35,12.6,-1.62110411
-35,12.8,-1.621104164
-35,13,-1.621104137
-35,13.2,-1.621104151
-35,13.4,-1.621104144
-35,13.6,-1.621104147
-35,13.8,-1.621104146
-35,14,-1.621104146
-35,14.2,-1.621104146
-35,14.4,-1.621104146
-35,14.6,-1.621104146
-35,14.8,-1.621104146
-35,15,-1.621104146
-35,15.2,-1.621104146
-35,15.4,-1.621104146
-35,15.6,-1.621104146
-35,15.8,-1.621104146
-35,16,-1.621104146
-35,16.2,-1.621104146
-35,16.4,-1.621104146
-35,16.6,-1.621104146
-35,16.8,-1.621104146
-35,17,-1.621104146
-35,17.2,-1.621104146
-35,17.4,-1.621104146
-35,17.6,-1.621104146
-35,17.8,-1.621104146
-35,18,-1.621104146
-35,18.2,-1.621104146
-35,18.4,-1.621104146
-35,18.6,-1.621104146
-35,18.8,-1.621104146
-35,19,-1.621104146
-35,19.2,-1.621104146
-35,19.4,-1.621104146
-35,19.6,-1.621104146
-35,19.8,-1.621104146
-35,20,-1.621104146
-35,20.2,-1.621104146
-35,20.4,-1.621104146
-35,20.6,-1.621104146
-35,20.8,-1.621104146
-35,21,-1.621104146
-35,21.2,-1.621104146
-35,21.4,-1.621104146
-35,21.6,-1.621104146
-35,21.8,-1.621104146
-35,22,-1.621104146
-35,22.2,-1.621104146
-35,22.4,-1.621104146
-35,22.6,-1.621104146
-35,22.8,-1.621104146
-35,23,-1.621104146
-35,23.2,-1.621104146
-35,23.4,-1.621104146
-35,23.6,-1.621104146
-35,23.8,-1.621104146
-35,24,-1.621104146
-35,24.2,-1.621104146
-35,24.4,-1.621104146
-35,24.6,-1.621104146
-35,24.8,-1.621104146
-35,25,-1.621104146
-35,25.2,-1.621104146
-35,25.4,-1.621104146
-35,25.6,-1.621104146
-35,25.8,-1.621104146
-35,26,-1.621104146
-35,26.2,-1.621104146
-35,26.4,-1.621104146
-35,26.6,-1.621104146
-35,26.8,-1.621104146
-35,27,-1.621104146
-35,27.2,-1.621104146
-35,27.4,-1.621104146
-35,27.6,-1.621104146
-35,27.8,-1.621104146
-35,28,-1.621104146
-35,28.2,-1.621104146
-35,28.4,-1.621104146
-35,28.6,-1.621104146
-35,28.8,-1.621104146
-35,29,-1.621104146
-35,29.2,-1.621104146
-35,29.4,-1.621104146
-35,29.6,-1.621104146
-35,29.8,-1.621104146
-35,30,-1.621104146
-30,0,-0.919178252
-30,0.2,-0.919178252
-30,0.4,-1.004300458
-30,0.6,-1.084426329
-30,0.8,-1.129885637
-30,1,-1.154095357
-30,1.2,-1.173071724
-30,1.4,-1.198191507
-30,1.6,-1.20042632
-30,1.8,-1.169108191
-30,2,-1.189822304
-30,2.2,-1.220433927
-30,2.4,-1.244669253
-30,2.6,-1.263042262
-30,2.8,-1.263747833
-30,3,-1.286535232
-30,3.2,-1.279321205
-30,3.4,-1.242296213
-30,3.6,-1.22170793
-30,3.8,-1.205101627
-30,4,-1.21166818
-30,4.2,-1.208384903
-30,4.4,-1.209360045
-30,4.6,-1.206913915
-30,4.8,-1.20813698
-30,5,-1.207525448
-30,5.2,-1.207831214
-30,5.4,-1.207678331
-30,5.6,-1.207754772
-30,5.8,-1.191501492
-30,6,-1.180082286
-30,6.2,-1.179915887
-30,6.4,-1.179999086
-30,6.6,-1.179957486
-30,6.8,-1.179978286
-30,7,-1.179957486
-30,7.2,-1.179957486
-30,7.4,-1.179957486
-30,7.6,-1.179957486
-30,7.8,-1.179957486
-30,8,-1.179957486
-30,8.2,-1.179957486
-30,8.4,-1.179957486
-30,8.6,-1.179957486
-30,8.8,-1.179957486
-30,9,-1.179957486
-30,9.2,-1.179957486
-30,9.4,-1.179957486
-30,9.6,-1.179957486
-30,9.8,-1.179957486
-30,10,-1.179957486
-30,10.2,-1.179957486
-30,10.4,-1.179957486
-30,10.6,-1.179957486
-30,10.8,-1.179957486
-30,11,-1.179957486
-30,11.2,-1.179957486
-30,11.4,-1.179957486
-30,11.6,-1.179957486
-30,11.8,-1.179957486
-30,12,-1.179957486
-30,12.2,-1.179957486
-30,12.4,-1.179957486
-30,12.6,-1.179957486
-30,12.8,-1.179957486
-30,13,-1.179957486
-30,13.2,-1.179957486
-30,13.4,-1.179957486
-30,13.6,-1.179957486
-30,13.8,-1.179957486
-30,14,-1.179957486
-30,14.2,-1.179957486
-30,14.4,-1.179957486
-30,14.6,-1.179957486
-30,14.8,-1.179957486
-30,15,-1.179957486
-30,15.2,-1.179957486
-30,15.4,-1.179957486
-30,15.6,-1.179957486
-30,15.8,-1.179957486
-30,16,-1.179957486
-30,16.2,-1.179957486
-30,16.4,-1.179957486
-30,16.6,-1.179957486
-30,16.8,-1.179957486
-30,17,-1.179957486
-30,17.2,-1.179957486
-30,17.4,-1.179957486
-30,17.6,-1.179957486
-30,17.8,-1.179957486
-30,18,-1.179957486
-30,18.2,-1.179957486
-30,18.4,-1.179957486
-30,18.6,-1.179957486
-30,18.8,-1.179957486
-30,19,-1.179957486
-30,19.2,-1.179957486
-30,19.4,-1.179957486
-30,19.6,-1.179957486
-30,19.8,-1.179957486
-30,20,-1.179957486
-30,20.2,-1.179957486
-30,20.4,-1.179957486
-30,20.6,-1.179957486
-30,20.8,-1.179957486
-30,21,-1.179957486
-30,21.2,-1.179957486
-30,21.4,-1.179957486
-30,21.6,-1.179957486
-30,21.8,-1.179957486
-30,22,-1.179957486
-30,22.2,-1.179957486
-30,22.4,-1.179957486
-30,22.6,-1.179957486
-30,22.8,-1.179957486
-30,23,-1.179957486
-30,23.2,-1.179957486
-30,23.4,-1.179957486
-30,23.6,-1.179957486
-30,23.8,-1.179957486
-30,24,-1.179957486
-30,24.2,-1.179957486
-30,24.4,-1.179957486
-30,24.6,-1.179957486
-30,24.8,-1.179957486
-30,25,-1.179957486
-30,25.2,-1.179957486
-30,25.4,-1.179957486
-30,25.6,-1.179957486
-30,25.8,-1.179957486
-30,26,-1.179957486
-30,26.2,-1.179957486
-30,26.4,-1.179957486
-30,26.6,-1.179957486
-30,26.8,-1.179957486
-30,27,-1.179957486
-30,27.2,-1.179957486
-30,27.4,-1.179957486
-30,27.6,-1.179957486
-30,27.8,-1.179957486
-30,28,-1.179957486
-30,28.2,-1.179957486
-30,28.4,-1.179957486
-30,28.6,-1.179957486
-30,28.8,-1.179957486
-30,29,-1.179957486
-30,29.2,-1.179957486
-30,29.4,-1.179957486
-30,29.6,-1.179957486
-30,29.8,-1.179957486
-30,30,-1.179957486
40,0,0.749786753
40,0.2,0.749786753
40,0.4,0.749786753
40,0.6,0.749786753
40,0.8,0.749786753
40,1,0.749786753
40,1.2,0.749786753
40,1.4,0.504714791
40,1.6,0.374646769
40,1.8,0.277475266
40,2,0.174617441
50,0,0.755841589
50,0.2,0.755841589
50,0.4,0.755841589
50,0.6,0.755841589
50,0.8,0.755841589
50,1,0.755841589
50,1.2,0.755841589
50,1.4,0.755841589
50,1.6,0.755841589
50,1.8,0.755841589
50,2,0.755841589
50,2.2,0.755841589
50,2.4,0.755841589
50,2.6,0.755841589
50,2.8,0.755841589
50,3,0.755841589
50,3.2,0.755841589
50,3.4,0.732716529
50,3.6,0.707404533
50,3.8,0.681311349
50,4,0.658105404
50,4.2,0.624295197
60,0,1.009052558
60,0.2,1.000525584
60,0.4,1.000525584
60,0.6,1.000525584
60,0.8,1.000525584
60,1,1.000525584
60,1.2,1.000525584
60,1.4,1.000525584
60,1.6,1.000525584
60,1.8,1.000525584
60,2,1.000525584
60,2.2,1.000525584
60,2.4,1.000525584
60,2.6,1.000525584
60,2.8,1.000525584
60,3,1.000525584
60,3.2,0.920052558
60,3.4,0.847508199
60,3.6,0.790946048
60,3.8,0.753891287
60,4,0.724651556
60,4.2,0.692399472
60,4.4,0.661515206
60,4.6,0.640300169
60,4.8,0.617947832
60,5,0.590452943
60,5.2,0.571202445
60,5.4,0.544452781
60,5.6,0.525434244
60,5.8,0.506415706
60,6,0.498784994
60,6.2,0.48642907
60,6.4,0.479893789
60,6.6,0.479527652
60,6.8,0.465527075
60,7,0.458956584
60,7.2,0.460155999
70,0,1.108992006
70,0.2,1.109200638
70,0.4,1.109200638
70,0.6,1.109200638
70,0.8,1.109200638
70,1,1.109200638
70,1.2,1.109200638
70,1.4,1.109200638
70,1.6,1.109200638
70,1.8,1.109200638
70,2,1.109200638
70,2.2,1.109200638
70,2.4,1.10341218
70,2.6,1.103175139
70,2.8,1.102938099
70,3,1.102015547
70,3.2,1.100357771
70,3.4,1.105367305
70,3.6,1.101763846
70,3.8,1.077060789
70,4,1.018110527
70,4.2,0.949059904
70,4.4,0.858819011
70,4.6,0.793248655
70,4.8,0.737320391
70,5,0.703652499
70,5.2,0.703135001
70,5.4,0.709494186
70,5.6,0.707135072
70,5.8,0.707658063
70,6,0.704930651
70,6.2,0.700879122
70,6.4,0.706337648
70,6.6,0.707454792
70,6.8,0.701215586
70,7,0.703250843
70,7.2,0.703051502
70,7.4,0.705301136
70,7.6,0.703733297
70,7.8,0.701367571
70,8,0.702180184
70,8.2,0.706484507
70,8.4,0.707667544
70,8.6,0.707353379
70,8.8,0.707646906
70,9,0.708770563
70,9.2,0.705161256
70,9.4,0.706222184
70,9.6,0.70178341
70,9.8,0.707025432
70,10,0.706929955
70,10.2,0.69441705
70,10.4,0.68449756
70,10.6,0.638898609
70,10.8,0.647856956
70,11,0.641600755
70,11.2,0.572751948
70,11.4,0.555439731
70,11.6,0.547248594
70,11.8,0.546207968
70,12,0.536386308
70,12.2,0.518886245
70,12.4,0.485572107
70,12.6,0.467258404
70,12.8,0.437358684
70,13,0.439644036
70,13.2,0.40564522
70,13.4,0.402643783
70,13.6,0.409064533
70,13.8,0.385060681
70,14,0.349320353
70,14.2,0.31858507
70,14.4,0.271859326
70,14.6,0.259434406
70,14.8,0.236096705
70,15,0.228591816
70,15.2,0.219816524
80,0,1.23581223
80,0.2,1.23581223
80,0.4,1.23581223
80,0.6,1.23581223
80,0.8,1.23581223
80,1,1.23581223
80,1.2,1.23581223
80,1.4,1.23581223
80,1.6,1.23581223
80,1.8,1.23581223
80,2,1.23581223
80,2.2,1.23581223
80,2.4,1.23581223
80,2.6,1.23581223
80,2.8,1.23581223
80,3,1.23581223
80,3.2,1.23581223
80,3.4,1.23581223
80,3.6,1.20581223
80,3.8,1.17581223
80,4,1.13581223
80,4.2,1.08581223
80,4.4,1.03581223
80,4.6,0.978122301
80,4.8,0.93581223
80,5,0.908122301
80,5.2,0.861426171
80,5.4,0.847040112
80,5.6,0.820463336
80,5.8,0.812152806
80,6,0.81052487
80,6.2,0.802513277
80,6.4,0.800057767
80,6.6,0.807890348
80,6.8,0.805771611
80,7,0.807405159
80,7.2,0.801310908
80,7.4,0.802782307
80,7.6,0.809776659
80,7.8,0.801946855
80,8,0.802572391
80,8.2,0.805142211
80,8.4,0.806220298
80,8.6,0.801956204
80,8.8,0.804013368
80,9,0.800159079
80,9.2,0.802278213
80,9.4,0.800163932
80,9.6,0.803098416
80,9.8,0.805656185
80,10,0.80694052
80,10.2,0.805019706
80,10.4,0.798242533
80,10.6,0.789340851
80,10.8,0.765209357
80,11,0.743431252
80,11.2,0.729904572
80,11.4,0.711272099
80,11.6,0.700830671
80,11.8,0.698034851
80,12,0.67870676
80,12.2,0.672772227
80,12.4,0.664980567
80,12.6,0.643019014
80,12.8,0.632257064
80,13,0.628702157
80,13.2,0.621095927
80,13.4,0.614411816
80,13.6,0.590687569
80,13.8,0.573959521
80,14,0.556195306
80,14.2,0.530478396
80,14.4,0.518653465
80,14.6,0.494026256
80,14.8,0.470644635
80,15,0.453167919
80,15.2,0.439272615
80,15.4,0.413945159
80,15.6,0.405496076
80,15.8,0.394317464
80,16,0.386144697
80,16.2,0.382660336
80,16.4,0.381851812
80,16.6,0.375278933
80,16.8,0.366146424
80,17,0.354434408
80,17.2,0.344496678
80,17.4,0.33071895
80,17.6,0.32523921
80,17.8,0.318683367
80,18,0.292396383
80,18.2,0.272861541
80,18.4,0.256712814
80,18.6,0.23523192
80,18.8,0.213476801
80,19,0.208706795
80,19.2,0.186986083
80,19.4,0.16111059
80,19.6,0.149814346
80,19.8,0.123883004
80,20,0.118381985
90,0,1.436626118
90,0.2,1.436626118
90,0.4,1.436626118
90,0.6,1.436626118
90,0.8,1.436626118
90,1,1.436626118
90,1.2,1.438347698
90,1.4,1.435943613
90,1.6,1.430851717
90,1.8,1.438850486
90,2,1.435122094
90,2.2,1.434473796
90,2.4,1.433774593
90,2.6,1.435800194
90,2.8,1.436451642
90,3,1.43710309
90,3.2,1.436281609
90,3.4,1.433420608
90,3.6,1.433059729
90,3.8,1.435687874
90,4,1.350731401
90,4.2,1.293363698
90,4.4,1.233560019
90,4.6,1.163248075
90,4.8,1.128998025
90,5,1.071558292
90,5.2,1.008884998
90,5.4,1.000504432
90,5.6,1.006765325
90,5.8,1.007565388
90,6,1.009642761
90,6.2,1.006920319
90,6.4,1.004978887
90,6.6,1.00128461
90,6.8,1.002123147
90,7,1.006129424
90,7.2,1.002694219
90,7.4,1.008629103
90,7.6,1.009177263
90,7.8,1.009246761
90,8,1.005428336
90,8.2,1.009052834
90,8.4,1.00896709
90,8.6,1.007503895
90,8.8,1.007648893
90,9,1.008659424
90,9.2,1.00556388
90,9.4,1.003324507
90,9.6,1.006468437
90,9.8,1.005718884
90,10,1.009627981
90,10.2,1.0013803
90,10.4,0.984546862
90,10.6,0.971858262
90,10.8,0.975395571
90,11,0.950009799
90,11.2,0.920037127
90,11.4,0.871056022
90,11.6,0.82871165
90,11.8,0.809253433
90,12,0.787061925
90,12.2,0.773449082
90,12.4,0.766984805
90,12.6,0.7573619
90,12.8,0.748332858
90,13,0.737739652
90,13.2,0.720280549
90,13.4,0.708247611
90,13.6,0.6813269
90,13.8,0.661649889
90,14,0.64299399
90,14.2,0.63322219
90,14.4,0.605689503
90,14.6,0.571421529
90,14.8,0.554915707
90,15,0.537111572
90,15.2,0.527180027
90,15.4,0.510795394
90,15.6,0.508584731
90,15.8,0.509548056
90,16,0.509298075
90,16.2,0.502045303
90,16.4,0.501400417
90,16.6,0.504110263
90,16.8,0.490618461
90,17,0.488188963
90,17.2,0.470297594
90,17.4,0.466519414
90,17.6,0.453080291
90,17.8,0.440970851
90,18,0.430281339
90,18.2,0.429123849
90,18.4,0.418219649
90,18.6,0.400281458
90,18.8,0.402400129
90,19,0.39136455
90,19.2,0.381423369
90,19.4,0.382310589
90,19.6,0.380874772
90,19.8,0.380633703
90,20,0.386982158
90,20.2,0.378116706
90,20.4,0.337254719
90,20.6,0.338727703
90,20.8,0.323935408
90,21,0.325328548
90,21.2,0.325791145
90,21.4,0.312515383
90,21.6,0.292516965
90,21.8,0.303871836
90,22,0.27157311
90,22.2,0.264698102
90,22.4,0.285850381
90,22.6,0.256790739
90,22.8,0.218561207
90,23,0.286331238
90,23.2,0.189592295
90,23.4,0.121389741
90,23.6,0.190129344
90,23.8,0.167154074
90,24,0.165392019
90,24.2,0.16058328
90,24.4,0.094183731
90,24.6,0.071954471
90,24.8,0.086798856
90,25,0.012003798
